Ticker,Name,Weight,Shares,Price
SFL UN Equity,SFL Corp Ltd,--,--,14.73
BCRHF UN Equity,Blue Capital Reinsurance Holdings Ltd,--,--,18.32
AA UN Equity,Alcoa Corp,--,--,10.14
AXP UN Equity,American Express Co,--,--,64.04
XBKS UW Equity,Xenith Bankshares Inc,--,--,2.31
VZ UN Equity,Verizon Communications Inc,--,--,51.98
CAT UN Equity,Caterpillar Inc,--,--,88.77
JPM UN Equity,JPMorgan Chase & Co,--,--,66.59
CVX UN Equity,Chevron Corp,--,--,102.92
KO UN Equity,Coca-Cola Co/The,--,--,42.32
TTGT UQ Equity,TechTarget Inc,--,--,8.06
XOM UN Equity,Exxon Mobil Corp,--,--,87.28
GE UN Equity,General Electric Co,--,--,29.62
HPQ UN Equity,HP Inc,--,--,15.53
WPC UN Equity,WP Carey Inc,--,--,64.53
IBM UN Equity,International Business Machines Corp,--,--,158.85
JNJ UN Equity,Johnson & Johnson,--,--,118.13
MRK UN Equity,Merck & Co Inc,--,--,62.41
BAC UN Equity,Bank of America Corp,--,--,15.65
PFE UN Equity,Pfizer Inc,--,--,33.87
PG UN Equity,Procter & Gamble Co/The,--,--,89.75
T UN Equity,AT&T Inc,--,--,40.61
TRV UN Equity,Travelers Cos Inc/The,--,--,114.55
RTX UN Equity,Raytheon Technologies Corp,--,--,101.6
WMT UN Equity,Walmart Inc,--,--,72.12
CSCO UW Equity,Cisco Systems Inc/Delaware,--,--,31.72
INTC UW Equity,Intel Corp,--,--,37.75
FLWS UW Equity,1-800-Flowers.com Inc,--,--,9.17
C UN Equity,Citigroup Inc,--,--,47.23
AIG UN Equity,American International Group Inc,--,--,59.34
IP UN Equity,International Paper Co,--,--,47.98
WNEB UW Equity,Western New England Bancorp Inc,--,--,7.65
LVNTA UW Equity,Liberty Ventures,--,--,39.87
ABT UN Equity,Abbott Laboratories,--,--,42.29
EME UN Equity,EMCOR Group Inc,--,--,59.62
AFL UN Equity,Aflac Inc,--,--,71.87
APD UN Equity,Air Products and Chemicals Inc,--,--,150.34
EPEGQ UN Equity,EP Energy Corp,--,--,4.38
RSPP UN Equity,RSP Permian Inc,--,--,38.78
RGC UN Equity,Regal Entertainment Group,--,--,21.75
AEP UN Equity,American Electric Power Co Inc,--,--,64.21
HES UN Equity,Hess Corp,--,--,53.62
APC UN Equity,Anadarko Petroleum Corp,--,--,63.36
IPGP UW Equity,IPG Photonics Corp,--,--,82.35
9990302D UN Equity,Apache Corp,--,--,63.87
ADM UN Equity,Archer-Daniels-Midland Co,--,--,42.17
AWI UN Equity,Armstrong World Industries Inc,--,--,41.32
VSTO UN Equity,Vista Outdoor Inc,--,--,39.86
QNST UW Equity,QuinStreet Inc,--,--,3.02
AVY UN Equity,Avery Dennison Corp,--,--,77.79
PRGO UN Equity,Perrigo Co PLC,--,--,92.33
AVP UN Equity,Avon Products Inc,--,--,5.66
BHI UN Equity,Baker Hughes Holdings LLC,--,--,50.47
DOC UN Equity,Physicians Realty Trust,--,--,21.54
REXR UN Equity,Rexford Industrial Realty Inc,--,--,22.89
BK UN Equity,Bank of New York Mellon Corp/The,--,--,39.88
BAX UN Equity,Baxter International Inc,--,--,47.6
NGS UN Equity,Natural Gas Services Group Inc,--,--,24.59
GNBC UW Equity,Green Bancorp Inc,--,--,10.93
SALE UW Equity,RetailMeNot Inc,--,--,9.89
BMS UN Equity,Bemis Co Inc,--,--,51.01
BRK/B UN Equity,Berkshire Hathaway Inc,--,--,144.47
BBY UN Equity,Best Buy Co Inc,--,--,38.18
HRB UN Equity,H&R Block Inc,--,--,23.15
BF/B UN Equity,Brown-Forman Corp,--,--,47.44
COG UN Equity,Cabot Oil & Gas Corp,--,--,25.8
CCL UN Equity,Carnival Corp,--,--,48.82
LUMN UN Equity,Lumen Technologies Inc,--,--,27.43
VG UN Equity,Vonage Holdings Corp,--,--,6.61
FTRCQ UW Equity,Frontier Communications Corp,--,--,4.16
CLF UN Equity,Cleveland-Cliffs Inc,--,--,5.85
CLX UN Equity,Clorox Co/The,--,--,125.18
CMS UN Equity,CMS Energy Corp,--,--,42.01
CHFN UR Equity,Charter Financial Corp/MD,--,--,12.88
CL UN Equity,Colgate-Palmolive Co,--,--,74.14
CMA UN Equity,Comerica Inc,--,--,47.32
CA UW Equity,CA Inc,--,--,33.08
ARII UW Equity,American Railcar Industries Inc,--,--,41.47
ORCL UN Equity,Oracle Corp,--,--,39.28
CSC UN Equity,Computer Sciences Corp,--,--,52.21
CAG UN Equity,Conagra Brands Inc,--,--,47.11
ED UN Equity,Consolidated Edison Inc,--,--,75.3
SQBG UR Equity,Sequential Brands Group Inc,--,--,8
GLW UN Equity,Corning Inc,--,--,23.65
CMI UN Equity,Cummins Inc,--,--,128.15
DHR UN Equity,Danaher Corp,--,--,78.39
TGT UN Equity,Target Corp,--,--,68.68
DE UN Equity,Deere & Co,--,--,85.35
D UN Equity,Dominion Energy Inc,--,--,74.27
SBRA UW Equity,Sabra Health Care REIT Inc,--,--,25.18
CDXS UW Equity,Codexis Inc,--,--,4.44
DOV UN Equity,Dover Corp,--,--,73.64
1697067D UN Equity,Dow Chemical Co/The,--,--,51.83
TIER UN Equity,Tier REIT Inc,--,--,15.44
DUK UN Equity,Duke Energy Corp,--,--,80.04
NMIH UQ Equity,NMI Holdings Inc,--,--,7.62
ETN UN Equity,Eaton Corp PLC,--,--,65.71
PKI UN Equity,PerkinElmer Inc,--,--,56.11
STOR UN Equity,STORE Capital Corp,--,--,29.47
NNI UN Equity,Nelnet Inc,--,--,40.37
EMR UN Equity,Emerson Electric Co,--,--,54.51
EOG UN Equity,EOG Resources Inc,--,--,96.71
SAIA UW Equity,Saia Inc,--,--,29.96
ETR UN Equity,Entergy Corp,--,--,76.73
ECYT UW Equity,Endocyte Inc,--,--,3.09
EQT UN Equity,EQT Corp,--,--,72.62
WLK UN Equity,Westlake Chemical Corp,--,--,53.5
1831877D UN Equity,XL Group Ltd,--,--,33.63
ESGR UW Equity,Enstar Group Ltd,--,--,164.47
GTS UN Equity,Triple-S Management Corp,--,--,21.93
M UN Equity,Macy's Inc,--,--,37.05
ENH UN Equity,Sompo International Holdings Ltd,--,--,65.45
FMC UN Equity,FMC Corp,--,--,48.34
F UN Equity,Ford Motor Co,--,--,12.07
TRI UN Equity,Thomson Reuters Corp,--,--,41.38
NEE UN Equity,NextEra Energy Inc,--,--,122.32
BEN UN Equity,Franklin Resources Inc,--,--,35.57
ACTG UW Equity,Acacia Research Corp,--,--,6.52
FCX UN Equity,Freeport-McMoRan Inc,--,--,10.86
TGNA UN Equity,TEGNA Inc,--,--,21.86
GPS UN Equity,Gap Inc/The,--,--,22.24
GD UN Equity,General Dynamics Corp,--,--,155.16
NPTN UN Equity,NeoPhotonics Corp,--,--,16.34
RM UN Equity,Regional Management Corp,--,--,21.65
GPC UN Equity,Genuine Parts Co,--,--,100.45
VCRA UN Equity,Vocera Communications Inc,--,--,16.9
BKS UN Equity,Barnes & Noble Inc,--,--,11.3
HAL UN Equity,Halliburton Co,--,--,44.88
NEOS UQ Equity,Neos Therapeutics Inc,--,--,6.58
AHT UN Equity,Ashford Hospitality Trust Inc,--,--,5.89
HAR UN Equity,Harman International Industries Inc,--,--,84.45
JOY UN Equity,Komatsu Mining Corp,--,--,27.74
GOOD UW Equity,Gladstone Commercial Corp,--,--,18.63
LHX UN Equity,L3Harris Technologies Inc,--,--,91.61
PEAK UN Equity,Healthpeak Properties Inc,--,--,37.95
HP UN Equity,Helmerich & Payne Inc,--,--,67.3
ITC UN Equity,ITC Holdings Corp,--,--,46.48
ALNY UW Equity,Alnylam Pharmaceuticals Inc,--,--,67.78
HRL UN Equity,Hormel Foods Corp,--,--,37.93
EVH UN Equity,Evolent Health Inc,--,--,24.62
CNP UN Equity,CenterPoint Energy Inc,--,--,23.23
HUM UN Equity,Humana Inc,--,--,176.89
TT UN Equity,Trane Technologies PLC,--,--,67.94
MRLN UW Equity,Marlin Business Services Corp,--,--,19.38
J UN Equity,Jacobs Engineering Group Inc,--,--,51.72
NWSA UW Equity,News Corp,--,--,13.98
1868223D UR Equity,Ignyta Inc,--,--,6.29
FPO UN Equity,First Potomac Realty Trust,--,--,9.15
K UN Equity,Kellogg Co,--,--,77.47
KMB UN Equity,Kimberly-Clark Corp,--,--,126.14
CONN UW Equity,Conn's Inc,--,--,10.32
KIM UN Equity,Kimco Realty Corp,--,--,28.95
KSS UN Equity,Kohl's Corp,--,--,43.75
WIFI UW Equity,Boingo Wireless Inc,--,--,10.28
LM UN Equity,Legg Mason Inc,--,--,33.48
CSBK UW Equity,Clifton Bancorp Inc,--,--,15.29
LEN UN Equity,Lennar Corp,--,--,42.34
TOWN UW Equity,Towne Bank/Portsmouth VA,--,--,24.03
JEF UN Equity,Jefferies Financial Group Inc,--,--,19.04
ABTX UQ Equity,Allegiance Bancshares Inc,--,--,27
LB UN Equity,L Brands Inc,--,--,70.77
LNC UN Equity,Lincoln National Corp,--,--,46.98
L UN Equity,Loews Corp,--,--,41.15
KRO UN Equity,Kronos Worldwide Inc,--,--,8.29
HST UN Equity,Host Hotels & Resorts Inc,--,--,15.57
AAIC UN Equity,Arlington Asset Investment Corp,--,--,14.79
MAS UN Equity,Masco Corp,--,--,34.31
MDT UN Equity,Medtronic PLC,--,--,86.4
CVS UN Equity,CVS Health Corp,--,--,88.99
MU UW Equity,Micron Technology Inc,--,--,17.78
FRME UW Equity,First Merchants Corp,--,--,26.75
MCHX UW Equity,Marchex Inc,--,--,2.77
MSI UN Equity,Motorola Solutions Inc,--,--,76.28
MUR UN Equity,Murphy Oil Corp,--,--,30.4
MYL UW Equity,Mylan NV,--,--,38.12
LH UN Equity,Laboratory Corp of America Holdings,--,--,137.48
HMTV UQ Equity,Hemisphere Media Group Inc,--,--,12.75
HTH UN Equity,Hilltop Holdings Inc,--,--,22.46
NEM UN Equity,Newmont Corp,--,--,39.29
TFCFA UW Equity,TFCF Corp,--,--,24.22
EXAR UN Equity,Exar Corp,--,--,9.31
NI UN Equity,NiSource Inc,--,--,24.11
1556442D UA Equity,GigPeak Inc,--,--,2.35
NBL UN Equity,Noble Energy Inc,--,--,35.74
TXMD UA Equity,TherapeuticsMD Inc,--,--,6.81
NSC UN Equity,Norfolk Southern Corp,--,--,97.06
ES UN Equity,Eversource Energy,--,--,54.18
RCKT UQ Equity,Rocket Pharmaceuticals Inc,--,--,9.48
WFC UN Equity,Wells Fargo & Co,--,--,44.28
NUE UN Equity,Nucor Corp,--,--,49.45
OXY UN Equity,Occidental Petroleum Corp,--,--,72.92
PCG UN Equity,PG&E Corp,--,--,61.17
PH UN Equity,Parker-Hannifin Corp,--,--,125.53
PPL UN Equity,PPL Corp,--,--,34.57
CPPRQ UN Equity,Old Copper Co Inc,--,--,9.22
PSGLQ UN Equity,Old PSG Wind-Down Ltd,--,--,4.06
PEP UN Equity,PepsiCo Inc,--,--,108.77
CCS UN Equity,Century Communities Inc,--,--,21.51
EXC UN Equity,Exelon Corp,--,--,33.29
MR UN Equity,Montage Resources Corp,--,--,3.29
COP UN Equity,ConocoPhillips,--,--,43.47
PHM UN Equity,PulteGroup Inc,--,--,20.04
PNW UN Equity,Pinnacle West Capital Corp,--,--,75.99
UCTT UW Equity,Ultra Clean Holdings Inc,--,--,7.41
PNC UN Equity,PNC Financial Services Group Inc/The,--,--,90.09
LPG UN Equity,Dorian LPG Ltd,--,--,6
VRTS UW Equity,Virtus Investment Partners Inc,--,--,97.86
PX UN Equity,Linde Inc/CT,--,--,120.83
WRB UN Equity,W R Berkley Corp,--,--,57.76
PGR UN Equity,Progressive Corp/The,--,--,31.5
PEG UN Equity,Public Service Enterprise Group Inc,--,--,41.87
RTN UN Equity,Raytheon Co,--,--,136.13
RDC UN Equity,Rowan Cos Ltd,--,--,15.16
R UN Equity,Ryder System Inc,--,--,65.95
SCG UN Equity,SCANA Corp,--,--,72.37
FNWB UQ Equity,First Northwest Bancorp,--,--,13.49
EIX UN Equity,Edison International,--,--,72.25
DWSN UW Equity,Dawson Geophysical Co,--,--,7.63
SLB UN Equity,Schlumberger NV,--,--,78.64
SCHW UN Equity,Charles Schwab Corp/The,--,--,31.57
SJM UN Equity,J M Smucker Co/The,--,--,135.54
SNA UN Equity,Snap-on Inc,--,--,151.96
SO UN Equity,Southern Co/The,--,--,51.3
TFC UN Equity,Truist Financial Corp,--,--,37.72
SWK UN Equity,Stanley Black & Decker Inc,--,--,122.98
STI UN Equity,SunTrust Banks Inc,--,--,43.8
SVU UN Equity,SUPERVALU Inc,--,--,4.99
LRN UN Equity,Stride Inc,--,--,14.35
AMRC UN Equity,Ameresco Inc,--,--,5.26
TER UN Equity,Teradyne Inc,--,--,21.58
ANDV UN Equity,Andeavor,--,--,79.56
TXT UN Equity,Textron Inc,--,--,39.75
TMO UN Equity,Thermo Fisher Scientific Inc,--,--,159.06
TIF UN Equity,Tiffany & Co,--,--,72.63
GL UN Equity,Globe Life Inc,--,--,63.89
JCI UN Equity,Johnson Controls International plc,--,--,46.53
UNP UN Equity,Union Pacific Corp,--,--,97.53
UNM UN Equity,Unum Group,--,--,35.31
MRO UN Equity,Marathon Oil Corp,--,--,15.81
X UN Equity,United States Steel Corp,--,--,18.86
VTR UN Equity,Ventas Inc,--,--,70.63
VNO UN Equity,Vornado Realty Trust,--,--,101.21
VMC UN Equity,Vulcan Materials Co,--,--,113.73
PGRE UN Equity,Paramount Group Inc,--,--,16.39
GHC UN Equity,Graham Holdings Co,--,--,481.37
JAX UN Equity,J Alexander's Holdings Inc,--,--,10.13
WY UN Equity,Weyerhaeuser Co,--,--,31.94
IDRA UR Equity,Idera Pharmaceuticals Inc,--,--,2.56
WHR UN Equity,Whirlpool Corp,--,--,162.16
WMB UN Equity,Williams Cos Inc/The,--,--,30.73
BCC UN Equity,Boise Cascade Co,--,--,25.4
WEC UN Equity,WEC Energy Group Inc,--,--,59.88
KTWO UW Equity,K2M Group Holdings Inc,--,--,17.78
AES UN Equity,AES Corp/The,--,--,12.85
PPC UW Equity,Pilgrim's Pride Corp,--,--,21.12
MOD UN Equity,Modine Manufacturing Co,--,--,11.86
AAPL UW Equity,Apple Inc,--,--,113.05
ADSK UW Equity,Autodesk Inc,--,--,72.33
CMCSA UW Equity,Comcast Corp,--,--,66.34
TAP UN Equity,Molson Coors Beverage Co,--,--,109.8
PMTS UW Equity,CPI Card Group Inc,--,--,6.04
LE UR Equity,Lands' End Inc,--,--,14.5
MNTA UW Equity,Momenta Pharmaceuticals Inc,--,--,11.69
PCAR UW Equity,PACCAR Inc,--,--,58.78
VBTX UQ Equity,Veritex Holdings Inc,--,--,17.39
RXN UN Equity,Rexnord Corp,--,--,21.41
STJ UN Equity,St Jude Medical Inc,--,--,79.76
ERIE UW Equity,Erie Indemnity Co,--,--,102.07
TSN UN Equity,Tyson Foods Inc,--,--,74.67
9745633D UN Equity,TCF Financial Corp/DE,--,--,14.51
BF/A UN Equity,Brown-Forman Corp,--,--,49.75
AMAT UW Equity,Applied Materials Inc,--,--,30.15
BXS UN Equity,BancorpSouth Bank,--,--,23.2
TWX UN Equity,Time Warner Inc,--,--,79.61
WBA UW Equity,Walgreens Boots Alliance Inc,--,--,80.62
BBBY UW Equity,Bed Bath & Beyond Inc,--,--,43.11
CBSH UW Equity,Commerce Bancshares Inc/MO,--,--,49.26
MUSA UN Equity,Murphy USA Inc,--,--,71.36
CAH UN Equity,Cardinal Health Inc,--,--,77.7
CINF UW Equity,Cincinnati Financial Corp,--,--,75.42
TRMK UW Equity,Trustmark Corp,--,--,27.56
UMBF UW Equity,UMB Financial Corp,--,--,59.45
DHI UN Equity,DR Horton Inc,--,--,30.2
FLS UN Equity,Flowserve Corp,--,--,48.24
VLY UN Equity,Valley National Bancorp,--,--,9.73
ATGE UN Equity,Adtalem Global Education Inc,--,--,23.06
WABC UW Equity,Westamerica BanCorp,--,--,50.88
ESRX UW Equity,Evernorth Health Inc,--,--,70.53
EXPD UW Equity,Expeditors International of Washington I,--,--,51.52
TCBI UW Equity,Texas Capital Bancshares Inc,--,--,54.92
MTB UN Equity,M&T Bank Corp,--,--,116.1
PACW UW Equity,PacWest Bancorp,--,--,42.91
CNOB UW Equity,ConnectOne Bancorp Inc,--,--,18.06
FITB UW Equity,Fifth Third Bancorp,--,--,20.46
WKHS UR Equity,Workhorse Group Inc,--,--,7.24
FHN UN Equity,First Horizon Corp,--,--,15.23
TUESQ UW Equity,Tuesday Morning Corp,--,--,5.98
CSX UW Equity,CSX Corp,--,--,30.5
HBAN UW Equity,Huntington Bancshares Inc/OH,--,--,9.86
FMBH UQ Equity,First Mid Bancshares Inc,--,--,27.26
BSIG UN Equity,Brightsphere Investment Group Inc,--,--,13.91
WELL UN Equity,Welltower Inc,--,--,74.77
LLTC UW Equity,Linear Technology Corp,--,--,59.29
RRC UN Equity,Range Resources Corp,--,--,38.75
NBR UN Equity,Nabors Industries Ltd,--,--,12.16
NEBLQ UN Equity,Noble Corp plc,--,--,6.34
NTRS UW Equity,Northern Trust Corp,--,--,67.99
PBCT UW Equity,People's United Financial Inc,--,--,15.82
QCOM UW Equity,QUALCOMM Inc,--,--,68.5
ROP UN Equity,Roper Technologies Inc,--,--,182.47
AN UN Equity,AutoNation Inc,--,--,48.71
KEY UN Equity,KeyCorp,--,--,12.17
CNO UN Equity,CNO Financial Group Inc,--,--,15.27
SPLS UW Equity,Staples Inc,--,--,8.55
STT UN Equity,State Street Corp,--,--,69.63
USB UN Equity,US Bancorp,--,--,42.89
AMC UN Equity,AMC Entertainment Holdings Inc,--,--,31.09
NLOK UW Equity,NortonLifeLock Inc,--,--,25.1
TROW UW Equity,T Rowe Price Group Inc,--,--,66.5
WM UN Equity,Waste Management Inc,--,--,63.76
GLOG UN Equity,GasLog Ltd,--,--,14.55
ADI UW Equity,Analog Devices Inc,--,--,64.45
AGN UN Equity,Allergan PLC,--,--,230.31
IMH UA Equity,Impac Mortgage Holdings Inc,--,--,13.19
WFM UW Equity,Whole Foods Market Inc,--,--,28.35
RUN UW Equity,Sunrun Inc,--,--,6.3
XLNX UW Equity,Xilinx Inc,--,--,54.34
XRAY UW Equity,DENTSPLY SIRONA Inc,--,--,59.43
ZION UW Equity,Zions Bancorp NA,--,--,31.02
DNRCQ UN Equity,Denbury Inc,--,--,3.23
IVZ UN Equity,Invesco Ltd,--,--,31.27
MS UN Equity,Morgan Stanley,--,--,32.06
CB UN Equity,Chubb Ltd,--,--,125.65
NVEE UR Equity,NV5 Global Inc,--,--,32.31
CHKAQ UN Equity,Chesapeake Energy Corp,--,--,6.27
JBL UN Equity,Jabil Inc,--,--,21.82
ALL UN Equity,Allstate Corp/The,--,--,69.18
FLIR UW Equity,FLIR Systems Inc,--,--,31.42
EQR UN Equity,Equity Residential,--,--,64.33
BATRA UW Equity,Liberty Media Corp-Liberty Braves,--,--,17.45
BWA UN Equity,BorgWarner Inc,--,--,35.18
BATRK UW Equity,Liberty Media Corp-Liberty Braves,--,--,17.38
NFX UN Equity,Ovintiv Exploration Inc,--,--,43.46
HURN UW Equity,Huron Consulting Group Inc,--,--,59.76
LSXMA UW Equity,Liberty Media Corp-Liberty SiriusXM,--,--,33.98
VIAV UW Equity,Viavi Solutions Inc,--,--,7.39
LSXMK UW Equity,Liberty Media Corp-Liberty SiriusXM,--,--,33.41
URBN UW Equity,Urban Outfitters Inc,--,--,34.52
SPG UN Equity,Simon Property Group Inc,--,--,207.01
EMN UN Equity,Eastman Chemical Co,--,--,67.68
CRS UN Equity,Carpenter Technology Corp,--,--,41.26
AVB UN Equity,AvalonBay Communities Inc,--,--,177.84
CY UW Equity,Cypress Semiconductor Corp,--,--,12.16
PRU UN Equity,Prudential Financial Inc,--,--,81.65
JOE UN Equity,St Joe Co/The,--,--,18.38
PKDSQ UN Equity,Parker Drilling Co,--,--,2.17
AIV UN Equity,Apartment Investment and Management Co,--,--,45.91
UHS UN Equity,Universal Health Services Inc,--,--,123.22
APOL UW Equity,Apollo Education Group Inc,--,--,7.95
AGCO UN Equity,AGCO Corp,--,--,49.32
SWKS UW Equity,Skyworks Solutions Inc,--,--,76.14
DFODQ UN Equity,Dean Foods Co,--,--,16.4
FWONA UW Equity,Liberty Media Corp-Liberty Formula One,--,--,28.65
HFC UN Equity,HollyFrontier Corp,--,--,24.5
FWONK UW Equity,Liberty Media Corp-Liberty Formula One,--,--,28.14
COF UN Equity,Capital One Financial Corp,--,--,71.83
TREC UN Equity,Trecora Resources,--,--,11.42
WR UN Equity,Evergy Kansas Central Inc,--,--,56.75
PDLI UW Equity,PDL BioPharma Inc,--,--,3.35
PRGS UW Equity,Progress Software Corp,--,--,27.2
PE UN Equity,Parsley Energy Inc,--,--,33.51
RGLD UW Equity,Royal Gold Inc,--,--,77.43
HRTG UN Equity,Heritage Insurance Holdings Inc,--,--,14.41
DOFSQ UN Equity,Diamond Offshore Drilling Inc,--,--,17.61
SNPS UW Equity,Synopsys Inc,--,--,59.35
LXK UN Equity,Lexmark International Inc,--,--,39.96
NTAP UW Equity,NetApp Inc,--,--,35.82
ARRS UW Equity,ARRIS International PLC,--,--,28.33
DVA UN Equity,DaVita Inc,--,--,66.07
PTEN UW Equity,Patterson-UTI Energy Inc,--,--,22.37
SCHN UW Equity,Schnitzer Steel Industries Inc,--,--,20.9
HIG UN Equity,Hartford Financial Services Group Inc/Th,--,--,42.82
RS UN Equity,Reliance Steel & Aluminum Co,--,--,72.03
ADTN UW Equity,ADTRAN Inc,--,--,19.14
1518855D US Equity,Yahoo! Inc - Set up for Fundamental Purp,--,--,43.1
ANSS UW Equity,ANSYS Inc,--,--,92.61
PFG UN Equity,Principal Financial Group Inc,--,--,51.51
ATI UN Equity,Allegheny Technologies Inc,--,--,18.07
SRCL UW Equity,Stericycle Inc,--,--,80.14
ETFC UW Equity,E*TRADE Financial Corp,--,--,29.12
ANF UN Equity,Abercrombie & Fitch Co,--,--,15.89
ORA UN Equity,Ormat Technologies Inc,--,--,48.41
NOV UN Equity,NOV Inc,--,--,36.74
AMG UN Equity,Affiliated Managers Group Inc,--,--,144.7
DGX UN Equity,Quest Diagnostics Inc,--,--,84.63
ROK UN Equity,Rockwell Automation Inc,--,--,122.34
JLL UN Equity,Jones Lang LaSalle Inc,--,--,113.79
MSTR UW Equity,MicroStrategy Inc,--,--,167.44
SBSI UW Equity,Southside Bancshares Inc,--,--,32.18
RL UN Equity,Ralph Lauren Corp,--,--,101.14
SBAC UW Equity,SBA Communications Corp,--,--,112.16
SNBC UW Equity,Sun Bancorp Inc/NJ,--,--,23.06
BXP UN Equity,Boston Properties Inc,--,--,136.29
HIL UN Equity,Hill International Inc,--,--,4.61
ON UW Equity,ON Semiconductor Corp,--,--,12.32
PXD UN Equity,Pioneer Natural Resources Co,--,--,185.65
VLO UN Equity,Valero Energy Corp,--,--,53
LLL UN Equity,L3 Technologies Inc,--,--,150.73
MDRX UW Equity,Allscripts Healthcare Solutions Inc,--,--,13.17
PLD UN Equity,Prologis Inc,--,--,53.54
NNA UN Equity,Navios Maritime Acquisition Corp,--,--,1.35
FE UN Equity,FirstEnergy Corp,--,--,33.08
OIS UN Equity,Oil States International Inc,--,--,31.57
BG UN Equity,Bunge Ltd,--,--,59.23
NUAN UW Equity,Nuance Communications Inc,--,--,14.5
PWR UN Equity,Quanta Services Inc,--,--,27.99
ALR UN Equity,Alere Inc,--,--,43.24
AEE UN Equity,Ameren Corp,--,--,49.18
JRVR UW Equity,James River Group Holdings Ltd,--,--,36.2
9998865D UN Equity,Whiting Petroleum Corp,--,--,8.74
HPR UN Equity,HighPoint Resources Corp,--,--,5.56
USMD UR Equity,USMD Holdings Inc,--,--,22.64
CNX UN Equity,CNX Resources Corp,--,--,19.2
CE UN Equity,Celanese Corp,--,--,66.56
AET UN Equity,Aetna Inc,--,--,115.45
KBR UN Equity,KBR Inc,--,--,15.13
RSG UN Equity,Republic Services Inc,--,--,50.45
SXC UN Equity,SunCoke Energy Inc,--,--,8.02
GS UN Equity,Goldman Sachs Group Inc/The,--,--,161.27
HII UN Equity,Huntington Ingalls Industries Inc,--,--,153.42
S UN Equity,Sprint Corp,--,--,6.63
SRE UN Equity,Sempra Energy,--,--,107.19
MCO UN Equity,Moody's Corp,--,--,108.28
AKAM UW Equity,Akamai Technologies Inc,--,--,52.99
QEP UN Equity,QEP Resources Inc,--,--,19.53
RAI UN Equity,Reynolds American Inc,--,--,47.15
SLM UW Equity,SLM Corp,--,--,7.47
DVN UN Equity,Devon Energy Corp,--,--,44.11
PNM UN Equity,PNM Resources Inc,--,--,32.72
A UN Equity,Agilent Technologies Inc,--,--,47.09
ANTM UN Equity,Anthem Inc,--,--,125.31
CSR UN Equity,Centerspace,--,--,5.95
CME UW Equity,CME Group Inc,--,--,104.52
CFR UN Equity,Cullen/Frost Bankers Inc,--,--,71.94
JNPR UN Equity,Juniper Networks Inc,--,--,24.06
BLK UN Equity,BlackRock Inc,--,--,362.46
DTE UN Equity,DTE Energy Co,--,--,93.67
NDAQ UW Equity,Nasdaq Inc,--,--,67.54
PB UN Equity,Prosperity Bancshares Inc,--,--,54.89
PM UN Equity,Philip Morris International Inc,--,--,97.22
LYV UN Equity,Live Nation Entertainment Inc,--,--,27.48
WINMQ UW Equity,Windstream Holdings Inc,--,--,10.05
MET UN Equity,MetLife Inc,--,--,44.43
1856613D UN Equity,Monsanto Co,--,--,102.2
TPR UN Equity,Tapestry Inc,--,--,36.56
FLR UN Equity,Fluor Corp,--,--,51.32
1806854D UN Equity,Dun & Bradstreet Corp/The,--,--,136.62
AMP UN Equity,Ameriprise Financial Inc,--,--,99.77
EBF UN Equity,Ennis Inc,--,--,16.85
XEL UN Equity,Xcel Energy Inc,--,--,41.14
FTI UN Equity,TechnipFMC PLC,--,--,29.67
ZBH UN Equity,Zimmer Biomet Holdings Inc,--,--,130.02
MSGN UN Equity,MSG Networks Inc,--,--,18.61
GME UN Equity,GameStop Corp,--,--,27.59
TPC UN Equity,Tutor Perini Corp,--,--,21.47
ICE UN Equity,Intercontinental Exchange Inc,--,--,269.36
COO UN Equity,Cooper Cos Inc/The,--,--,179.26
FIS UN Equity,Fidelity National Information Services I,--,--,77.03
MAN UN Equity,ManpowerGroup Inc,--,--,72.26
OII UN Equity,Oceaneering International Inc,--,--,27.51
VHI UN Equity,Valhi Inc,--,--,2.3
WYNN UW Equity,Wynn Resorts Ltd,--,--,97.42
VSH UN Equity,Vishay Intertechnology Inc,--,--,14.09
SHLDQ UW Equity,Sears Holdings Corp,--,--,11.46
TECD UW Equity,Tech Data Corp,--,--,84.71
ATR UN Equity,AptarGroup Inc,--,--,77.41
AIZ UN Equity,Assurant Inc,--,--,92.25
LVLT UN Equity,Level 3 Communications Inc,--,--,46.38
NRG UN Equity,NRG Energy Inc,--,--,11.21
GNW UN Equity,Genworth Financial Inc,--,--,4.96
LAZ UN Equity,Lazard Ltd,--,--,36.36
TTNP UR Equity,Titan Pharmaceuticals Inc,--,--,5.88
RF UN Equity,Regions Financial Corp,--,--,9.87
NATL UW Equity,National Interstate Corp,--,--,32.53
SPWR UW Equity,SunPower Corp,--,--,8.92
MOS UN Equity,Mosaic Co/The,--,--,24.46
VPG UN Equity,Vishay Precision Group Inc,--,--,16.03
DISCA UW Equity,Discovery Inc,--,--,26.92
CF UN Equity,CF Industries Holdings Inc,--,--,24.35
VIAB UW Equity,Viacom Inc,--,--,38.1
LDOS UN Equity,Leidos Holdings Inc,--,--,43.28
1539941D UN Equity,Spectra Energy LLC,--,--,42.75
FSLR UW Equity,First Solar Inc,--,--,39.49
MJN UN Equity,Mead Johnson Nutrition Co,--,--,79.01
EXTN UN Equity,Exterran Corp,--,--,15.68
DFS UN Equity,Discover Financial Services,--,--,56.55
WAL UN Equity,Western Alliance Bancorp,--,--,37.54
XYL UN Equity,Xylem Inc/NY,--,--,52.45
MPC UN Equity,Marathon Petroleum Corp,--,--,40.59
WPX UN Equity,WPX Energy Inc,--,--,13.19
TAST UW Equity,Carrols Restaurant Group Inc,--,--,13.21
DOX UW Equity,Amdocs Ltd,--,--,57.85
TMUS UW Equity,T-Mobile US Inc,--,--,46.72
CUB UN Equity,Cubic Corp,--,--,46.81
CACI UN Equity,CACI International Inc,--,--,100.9
JOUT UW Equity,Johnson Outdoors Inc,--,--,36.37
UMH UN Equity,UMH Properties Inc,--,--,11.92
SHO UN Equity,Sunstone Hotel Investors Inc,--,--,12.79
TRTN UN Equity,Triton International Ltd/Bermuda,--,--,13.19
HY UN Equity,Hyster-Yale Materials Handling Inc,--,--,60.13
GBNK UW Equity,Guaranty Bancorp,--,--,17.85
Y UN Equity,Alleghany Corp,--,--,525.02
REX UN Equity,REX American Resources Corp,--,--,84.76
AVT UN Equity,Avnet Inc,--,--,41.06
VGR UN Equity,Vector Group Ltd,--,--,21.53
DRE UN Equity,Duke Realty Corp,--,--,27.33
ANCX UQ Equity,Access National Corp,--,--,23.9
CDE UN Equity,Coeur Mining Inc,--,--,11.83
EGN UN Equity,Energen Corp,--,--,57.72
FI UN Equity,Frank's International NV,--,--,13
MDU UN Equity,MDU Resources Group Inc,--,--,25.44
POST UN Equity,Post Holdings Inc,--,--,77.17
MGM UN Equity,MGM Resorts International,--,--,26.03
TFCF UW Equity,TFCF Corp,--,--,24.74
EDE UN Equity,Empire District Electric Co/The,--,--,34.14
TBBK UW Equity,Bancorp Inc/The,--,--,6.42
TOL UN Equity,Toll Brothers Inc,--,--,29.86
EQC UN Equity,Equity Commonwealth,--,--,30.22
HL UN Equity,Hecla Mining Co,--,--,5.7
LNT UN Equity,Alliant Energy Corp,--,--,38.31
SVC UW Equity,Service Properties Trust,--,--,29.72
AAWW UW Equity,Atlas Air Worldwide Holdings Inc,--,--,42.82
DHC UW Equity,Diversified Healthcare Trust,--,--,22.71
FOSL UW Equity,Fossil Group Inc,--,--,27.77
HRI UN Equity,Herc Holdings Inc,--,--,33.7
LRCX UW Equity,Lam Research Corp,--,--,94.71
CUBE UN Equity,CubeSmart,--,--,27.26
MHK UN Equity,Mohawk Industries Inc,--,--,200.34
PNR UN Equity,Pentair PLC,--,--,64.24
EVDY UN Equity,Everyday Health Inc,--,--,7.69
OUT UN Equity,Outfront Media Inc,--,--,23.65
OPI UW Equity,Office Properties Income Trust,--,--,22.62
SIR UW Equity,Select Income REIT,--,--,26.9
RES UN Equity,RPC Inc,--,--,16.8
RPT UN Equity,RPT Realty,--,--,18.74
SIFI UQ Equity,SI Financial Group Inc,--,--,13.2
SFE UN Equity,Safeguard Scientifics Inc,--,--,12.96
SPA UN Equity,Sparton Corp,--,--,26.26
TRR UN Equity,TRC Cos Inc,--,--,8.67
FCH UN Equity,FelCor Lodging Trust Inc,--,--,6.43
WMK UN Equity,Weis Markets Inc,--,--,53
WLBAQ UQ Equity,Westmoreland Coal Co,--,--,8.86
CAVM UW Equity,Cavium LLC,--,--,58.2
CFNB UQ Equity,California First National Bancorp,--,--,13.96
AMSC UW Equity,American Superconductor Corp,--,--,7.01
1816375D UW Equity,Caesars Holdings Inc,--,--,7.45
KMG UN Equity,CMC Materials KMG Corp,--,--,28.33
AMAG UW Equity,AMAG Pharmaceuticals Inc,--,--,24.51
AVHI UW Equity,AV Homes Inc,--,--,16.64
AXAS UR Equity,Abraxas Petroleum Corp,--,--,1.69
CREE UW Equity,Cree Inc,--,--,25.72
REG UN Equity,Regency Centers Corp,--,--,77.49
MAC UN Equity,Macerich Co/The,--,--,80.87
NYCB UN Equity,New York Community Bancorp Inc,--,--,14.23
BMTC UW Equity,Bryn Mawr Bank Corp,--,--,31.99
RNR UN Equity,RenaissanceRe Holdings Ltd,--,--,120.16
MACK UQ Equity,Merrimack Pharmaceuticals Inc,--,--,6.35
BOKF UW Equity,BOK Financial Corp,--,--,68.97
ESRT UN Equity,Empire State Realty Trust Inc,--,--,20.95
RH UN Equity,RH,--,--,34.58
BURL UN Equity,Burlington Stores Inc,--,--,81.02
BOOM UW Equity,DMC Global Inc,--,--,10.66
MLM UN Equity,Martin Marietta Materials Inc,--,--,179.11
RMAX UN Equity,RE/MAX Holdings Inc,--,--,43.78
BPOP UW Equity,Popular Inc,--,--,38.22
RYN UN Equity,Rayonier Inc,--,--,26.54
LPT UN Equity,Liberty Property Trust,--,--,40.35
ESTE UA Equity,Earthstone Energy Inc,--,--,8.6
SCCO UN Equity,Southern Copper Corp,--,--,26.3
WMGI UW Equity,Wright Medical Group NV,--,--,24.53
CHGG UN Equity,Chegg Inc,--,--,7.09
PTVCB UQ Equity,Protective Insurance Corp,--,--,25.63
OCLR UW Equity,Oclaro Inc,--,--,8.55
STAY UN Equity,Extended Stay America Inc,--,--,14.2
ESGC UN Equity,Eros STX Global Corp,--,--,15.32
HALL UQ Equity,Hallmark Financial Services Inc,--,--,10.29
YELP UN Equity,Yelp Inc,--,--,41.7
RDI UR Equity,Reading International Inc,--,--,13.35
ACGL UW Equity,Arch Capital Group Ltd,--,--,79.26
TCF UW Equity,TCF Financial Corp,--,--,44.13
DISH UW Equity,DISH Network Corp,--,--,54.78
CPK UN Equity,Chesapeake Utilities Corp,--,--,61.06
CIA UN Equity,Citizens Inc/TX,--,--,9.36
RE UN Equity,Everest Re Group Ltd,--,--,189.97
PICO UW Equity,PICO Holdings Inc,--,--,11.79
BID UN Equity,Sotheby's,--,--,38.02
REI UA Equity,Ring Energy Inc,--,--,10.95
AMTD UW Equity,TD Ameritrade Holding Corp,--,--,35.24
NLY UN Equity,Annaly Capital Management Inc,--,--,10.5
CCI UN Equity,Crown Castle International Corp,--,--,94.21
1719848D UN Equity,Education Realty Trust Inc,--,--,43.14
MGLN UW Equity,Magellan Health Inc,--,--,53.73
CLR UN Equity,Continental Resources Inc/OK,--,--,51.96
UONEK UR Equity,Urban One Inc,--,--,3.03
SEM UN Equity,Select Medical Holdings Corp,--,--,13.5
ICFI UW Equity,ICF International Inc,--,--,44.32
DLB UN Equity,Dolby Laboratories Inc,--,--,54.29
WDR UN Equity,Waddell & Reed Financial Inc,--,--,18.16
WLH UN Equity,William Lyon Homes,--,--,18.55
EPC UN Equity,Edgewell Personal Care Co,--,--,79.52
NAVI UW Equity,Navient Corp,--,--,14.47
MRVL UW Equity,Marvell Technology Group Ltd,--,--,13.27
GRMN UW Equity,Garmin Ltd,--,--,48.11
CSWI UW Equity,CSW Industrials Inc,--,--,32.39
PJT UN Equity,PJT Partners Inc,--,--,27.27
CCO UN Equity,Clear Channel Outdoor Holdings Inc,--,--,5.84
MSGS UN Equity,Madison Square Garden Sports Corp,--,--,169.41
CSS UN Equity,CSS Industries Inc,--,--,25.58
XEC UN Equity,Cimarex Energy Co,--,--,134.37
AXS UN Equity,Axis Capital Holdings Ltd,--,--,54.33
9876588D UW Equity,American National Insurance Co,--,--,--
9990202D UA Equity,CTO Realty Growth Inc/Old,--,--,51.19
DLR UN Equity,Digital Realty Trust Inc,--,--,97.12
ULH UW Equity,Universal Logistics Holdings Inc,--,--,13.42
NEFF UN Equity,Neff Corp,--,--,9.5
CTWS UW Equity,Connecticut Water Service Inc,--,--,49.73
DISCK UW Equity,Discovery Inc,--,--,26.31
MORE UN Equity,Monogram Residential Trust Inc,--,--,10.64
LYB UN Equity,LyondellBasell Industries NV,--,--,80.66
1824906D UN Equity,Dynegy Inc,--,--,12.39
FIT UN Equity,Fitbit Inc,--,--,14.84
PF UN Equity,Pinnacle Foods Inc,--,--,50.17
QRTEA UW Equity,Qurate Retail Inc,--,--,20.01
HTZGQ UN Equity,Hertz Global Holdings Inc,--,--,40.16
CVBF UW Equity,CVB Financial Corp,--,--,17.61
CXO UN Equity,Concho Resources Inc,--,--,137.35
AWK UN Equity,American Water Works Co Inc,--,--,74.84
CPN UN Equity,Calpine Corp,--,--,12.64
ARWR UW Equity,Arrowhead Pharmaceuticals Inc,--,--,7.35
GM UN Equity,General Motors Co,--,--,31.77
AX UW Equity,Axos Financial Inc,--,--,22.4
CIT UN Equity,CIT Group Inc,--,--,36.3
KMI UN Equity,Kinder Morgan Inc,--,--,23.13
UBNK UW Equity,United Financial Bancorp Inc,--,--,13.84
LQ UN Equity,La Quinta Holdings Inc,--,--,11.18
GLDD UW Equity,Great Lakes Dredge & Dock Corp,--,--,3.5
HCA UN Equity,HCA Healthcare Inc,--,--,75.63
PHH UN Equity,PHH Corp,--,--,14.45
CRVS UQ Equity,Corvus Pharmaceuticals Inc,--,--,16.45
ORI UN Equity,Old Republic International Corp,--,--,17.62
CWT UN Equity,California Water Service Group,--,--,32.09
RILY UR Equity,B Riley Financial Inc,--,--,13.36
GBLI UW Equity,Global Indemnity Group LLC,--,--,29.7
SGI UW Equity,Silicon Graphics International Corp,--,--,7.7
BMCH UW Equity,BMC Stock Holdings Inc,--,--,17.73
WTM UN Equity,White Mountains Insurance Group Ltd,--,--,830
GSM UW Equity,Ferroglobe PLC,--,--,9.03
CTRN UW Equity,Citi Trends Inc,--,--,19.93
TDS UN Equity,Telephone and Data Systems Inc,--,--,27.18
CYTR UR Equity,CytRx Corp,--,--,0.5883
AEO UN Equity,American Eagle Outfitters Inc,--,--,17.86
ZVO UN Equity,Zovio Inc,--,--,6.87
DBI UN Equity,Designer Brands Inc,--,--,20.48
VR UN Equity,Validus Holdings Ltd,--,--,49.82
9876533D UN Equity,Delek US Energy Inc,--,--,--
HSC UN Equity,Harsco Corp,--,--,9.93
JBSS UW Equity,John B Sanfilippo & Son Inc,--,--,51.33
DCO UN Equity,Ducommun Inc,--,--,22.84
TFSL UW Equity,TFS Financial Corp,--,--,17.81
PDFS UW Equity,PDF Solutions Inc,--,--,18.17
CLGX UN Equity,CoreLogic Inc/United States,--,--,39.22
DXLG UW Equity,Destination XL Group Inc,--,--,4.33
PETX UQ Equity,Aratana Therapeutics Inc,--,--,9.36
KAMN UN Equity,Kaman Corp,--,--,43.92
DGICA UW Equity,Donegal Group Inc,--,--,16.11
UVE UN Equity,Universal Insurance Holdings Inc,--,--,25.2
WTRG UN Equity,Essential Utilities Inc,--,--,30.48
FCN UN Equity,FTI Consulting Inc,--,--,44.56
HMHC UW Equity,Houghton Mifflin Harcourt Co,--,--,13.41
UDR UN Equity,UDR Inc,--,--,35.99
CHUBK UQ Equity,CommerceHub Inc,--,--,15.91
CHUBA UQ Equity,CommerceHub Inc,--,--,15.8
OTIC UW Equity,Otonomy Inc,--,--,18.19
GPRO UW Equity,GoPro Inc,--,--,16.68
NSM UN Equity,Nationstar Mortgage Holdings Inc,--,--,14.81
DJCO UR Equity,Daily Journal Corp,--,--,219
AMD UR Equity,Advanced Micro Devices Inc,--,--,6.91
QRVO UW Equity,Qorvo Inc,--,--,55.74
FCE/A UN Equity,Forest City Realty Trust Inc,--,--,23.13
SLG UN Equity,SL Green Realty Corp,--,--,108.1
HUN UN Equity,Huntsman Corp,--,--,16.27
ACHC UW Equity,Acadia Healthcare Co Inc,--,--,49.55
UFS UN Equity,Domtar Corp,--,--,37.13
1624250D UW Equity,Bazaarvoice Inc,--,--,5.91
CKEC UW Equity,Carmike Cinemas Inc,--,--,32.69
CNBKA UW Equity,Century Bancorp Inc/MA,--,--,45.32
STLD UW Equity,Steel Dynamics Inc,--,--,24.99
CI UN Equity,Cigna Corp,--,--,130.32
DGAS UW Equity,Delta Natural Gas Co Inc,--,--,23.85
EBTC UW Equity,Enterprise Bancorp Inc/MA,--,--,28
ISIL UW Equity,Renesas Electronics America Inc,--,--,21.93
HBCP UW Equity,Home Bancorp Inc,--,--,28
AROC UN Equity,Archrock Inc,--,--,13.08
HCOM UW Equity,Hawaiian Telcom Holdco Inc,--,--,22.39
ATEX UR Equity,Anterix Inc,--,--,22.9
HTBI UW Equity,HomeTrust Bancshares Inc,--,--,18.5
MNKKQ UN Equity,Mallinckrodt PLC,--,--,69.78
CWEN UN Equity,Clearway Energy Inc,--,--,16.96
SNR UN Equity,New Senior Investment Group Inc,--,--,11.54
OSK UN Equity,Oshkosh Corp,--,--,56
NWS UW Equity,News Corp,--,--,14.22
PSTB UW Equity,Park Sterling Corp,--,--,8.12
REGI UW Equity,Renewable Energy Group Inc,--,--,8.47
BRO UN Equity,Brown & Brown Inc,--,--,37.71
ATRC UQ Equity,AtriCure Inc,--,--,15.82
NEWS UW Equity,First Eagle Private Credit LLC,--,--,9.71
FEYE UW Equity,FireEye Inc,--,--,14.73
HMST UW Equity,HomeStreet Inc,--,--,25.06
PRDO UW Equity,Perdoceo Education Corp,--,--,6.79
ALT UA Equity,Altimmune Inc,--,--,2.9
CZR UW Equity,Caesars Entertainment Inc,--,--,14.06
HRC UN Equity,Hill-Rom Holdings Inc,--,--,61.98
ALJ UN Equity,Alon USA Energy Inc,--,--,8.06
RDN UN Equity,Radian Group Inc,--,--,13.55
CHS UN Equity,Chico's FAS Inc,--,--,11.9
OPK UW Equity,OPKO Health Inc,--,--,10.59
CYH UN Equity,Community Health Systems Inc,--,--,11.54
BRG UA Equity,Bluerock Residential Growth REIT Inc,--,--,13
AFSI UW Equity,AmTrust Financial Services Inc,--,--,26.83
KLXI UW Equity,Boeing Distribution Services Inc,--,--,35.2
GPRE UW Equity,Green Plains Inc,--,--,26.2
TRXC UA Equity,TransEnterix Inc,--,--,1.69
RYAM UN Equity,Rayonier Advanced Materials Inc,--,--,13.37
EMCI UW Equity,EMC Insurance Group Inc,--,--,26.93
AMBA UW Equity,Ambarella Inc,--,--,73.61
EPAC UN Equity,Enerpac Tool Group Corp,--,--,23.24
TIME UN Equity,TI Gotham Inc,--,--,14.48
NGHC UQ Equity,National General Holdings Corp,--,--,22.24
SSYS UW Equity,Stratasys Ltd,--,--,24.09
ACRE UN Equity,Ares Commercial Real Estate Corp,--,--,12.6
FCEL UQ Equity,FuelCell Energy Inc,--,--,5.42
SYF UN Equity,Synchrony Financial,--,--,28
ALTA UR Equity,Altabancorp,--,--,20.35
ESCA UQ Equity,Escalade Inc,--,--,12.76
DENN UR Equity,Denny's Corp,--,--,10.69
TRCO UN Equity,Tribune Media Co,--,--,36.52
STS UA Equity,Supreme Industries Inc,--,--,19.3
ISBC UW Equity,Investors Bancorp Inc,--,--,12.01
RGNX UW Equity,REGENXBIO Inc,--,--,14.01
TERP UW Equity,TerraForm Power Inc,--,--,13.91
TLN UN Equity,Talen Energy Corp,--,--,13.85
BLBD UQ Equity,Blue Bird Corp,--,--,14.61
WSBF UW Equity,Waterstone Financial Inc,--,--,16.99
SC UN Equity,Santander Consumer USA Holdings Inc,--,--,12.16
NCLH UW Equity,Norwegian Cruise Line Holdings Ltd,--,--,37.7
CONE UW Equity,CyrusOne Inc,--,--,47.57
AME UN Equity,AMETEK Inc,--,--,47.78
ESI UN Equity,Element Solutions Inc,--,--,8.11
SRCI UA Equity,SRC Energy Inc,--,--,6.93
AGM UN Equity,Federal Agricultural Mortgage Corp,--,--,39.5
MIK UW Equity,Michaels Cos Inc/The,--,--,24.17
FBNC UW Equity,First Bancorp/Southern Pines NC,--,--,19.79
FCNCA UW Equity,First Citizens BancShares Inc/NC,--,--,293.89
PARR UA Equity,Par Pacific Holdings Inc,--,--,13.08
PCYG UR Equity,Park City Group Inc,--,--,11.8
APTS UN Equity,Preferred Apartment Communities Inc,--,--,13.51
FFKT UW Equity,Farmers Capital Bank Corp,--,--,29.64
FLIC UR Equity,First of Long Island Corp/The,--,--,33.15
STRS UW Equity,Stratus Properties Inc,--,--,24.4
CWEN/A UN Equity,Clearway Energy Inc,--,--,16.32
ACCO UN Equity,ACCO Brands Corp,--,--,9.64
FRPH UW Equity,FRP Holdings Inc,--,--,31.07
CTRL UW Equity,Control4 Corp,--,--,12.28
BKD UN Equity,Brookdale Senior Living Inc,--,--,17.45
LPNT UW Equity,Legacy LifePoint Health LLC,--,--,59.23
CBLAQ UN Equity,CBL & Associates Properties Inc,--,--,12.14
FRBK UQ Equity,Republic First Bancorp Inc,--,--,4.11
HNH UR Equity,Handy & Harman Ltd,--,--,21.04
FF UN Equity,FutureFuel Corp,--,--,11.28
KHC UW Equity,Kraft Heinz Co/The,--,--,89.51
ADMS UQ Equity,Adamas Pharmaceuticals Inc,--,--,16.41
GTN UN Equity,Gray Television Inc,--,--,10.36
GENC UQ Equity,Gencor Industries Inc,--,--,11.98
NDLS UW Equity,Noodles & Co,--,--,4.76
SONA UQ Equity,Southern National Bancorp of Virginia In,--,--,13.05
BWFG UQ Equity,Bankwell Financial Group Inc,--,--,23.69
PSX UN Equity,Phillips 66,--,--,80.55
ABM UN Equity,ABM Industries Inc,--,--,39.7
CNSL UW Equity,Consolidated Communications Holdings Inc,--,--,25.24
GIII UW Equity,G-III Apparel Group Ltd,--,--,29.15
IQV UN Equity,IQVIA Holdings Inc,--,--,81.06
INVA UW Equity,Innoviva Inc,--,--,10.99
RAIL UW Equity,FreightCar America Inc,--,--,14.38
INFN UW Equity,Infinera Corp,--,--,9.03
GRC UA Equity,Gorman-Rupp Co/The,--,--,25.61
GSBC UW Equity,Great Southern Bancorp Inc,--,--,40.7
PFNX UA Equity,Pfenex Inc,--,--,8.95
MLND UQ Equity,Millendo Therapeutics Inc,--,--,7.16
BGC UN Equity,General Cable Corp,--,--,14.98
ELY UN Equity,Callaway Golf Co,--,--,11.61
1850242D UN Equity,EQT RE Merger Sub Inc,--,--,26.11
ADVM UQ Equity,Adverum Biotechnologies Inc,--,--,4.11
AMRI UW Equity,Albany Molecular Research Inc,--,--,16.51
FOGO UW Equity,Fogo De Chao Inc,--,--,10.57
TROX UN Equity,Tronox Holdings PLC,--,--,9.37
HIFS UQ Equity,Hingham Institution For Savings The,--,--,138.5
AP UN Equity,Ampco-Pittsburgh Corp,--,--,11.09
ONDK UN Equity,On Deck Capital Inc,--,--,5.7
CBI UN Equity,Chicago Bridge & Iron Co NV,--,--,28.03
VSLR UN Equity,Vivint Solar Inc,--,--,3.16
PAHC UQ Equity,Phibro Animal Health Corp,--,--,27.18
NRF UN Equity,NorthStar Realty Finance Corp/old,--,--,13.17
ABCD UR Equity,Cambium Learning Group Inc,--,--,5.43
FNF UN Equity,Fidelity National Financial Inc,--,--,36.91
FNFV UN Equity,FNFV Group,--,--,12.48
UCP UN Equity,UCP Inc,--,--,8.81
HURC UW Equity,Hurco Cos Inc,--,--,28.07
TMST UN Equity,TimkenSteel Corp,--,--,10.45
MEET UR Equity,Meet Group Inc/The,--,--,6.2
MPG UN Equity,Metaldyne Performance Group Inc,--,--,15.85
XCOOQ UN Equity,EXCO Resources Inc,--,--,1.07
TBK UW Equity,Triumph Bancorp Inc,--,--,19.84
GES UN Equity,Guess? Inc,--,--,14.61
KCG UN Equity,Virtu KCG Holdings LLC,--,--,15.53
CORR UN Equity,CorEnergy Infrastructure Trust Inc,--,--,29.33
IMKTA UW Equity,Ingles Markets Inc,--,--,39.54
IMMU UQ Equity,Immunomedics Inc,--,--,3.25
IHC UN Equity,Independence Holding Co,--,--,17.18
AWHHF UN Equity,Allied World Assurance Co Holdings GmbH,--,--,40.42
COWN UW Equity,Cowen Inc,--,--,3.63
MDLZ UW Equity,Mondelez International Inc,--,--,43.9
BHBK UW Equity,Blue Hills Bancorp Inc,--,--,15.02
BLUE UW Equity,Bluebird Bio Inc,--,--,67.78
MSFG UW Equity,MainSource Financial Group Inc,--,--,24.95
AKS UN Equity,AK Steel Holding Corp,--,--,4.83
CPT UN Equity,Camden Property Trust,--,--,83.74
MWW UN Equity,Monster Worldwide Inc,--,--,3.61
KBAL UW Equity,Kimball International Inc,--,--,12.94
CST UN Equity,CST Brands LLC,--,--,48.09
STBZ UR Equity,State Bank Financial Corp,--,--,22.82
JNS UN Equity,Janus Capital Group Inc,--,--,14.01
ITT UN Equity,ITT Inc,--,--,35.84
TACO UR Equity,Del Taco Restaurants Inc,--,--,11.92
JONEQ UN Equity,Jones Energy Inc,--,--,3.56
LAYN UW Equity,Layne Christensen Co,--,--,8.51
GTLS UW Equity,Chart Industries Inc,--,--,32.83
LCUT UW Equity,Lifetime Brands Inc,--,--,13.46
LTXB UW Equity,LegacyTexas Financial Group Inc,--,--,31.63
ACETQ UW Equity,Tri Harbor Holdings Corp,--,--,18.99
BDN UN Equity,Brandywine Realty Trust,--,--,15.62
MDP UN Equity,Meredith Corp,--,--,51.99
INWK UW Equity,InnerWorkings Inc,--,--,9.42
XCRA UW Equity,Xcerra Corp,--,--,6.06
IESC UQ Equity,IES Holdings Inc,--,--,17.79
NYT UN Equity,New York Times Co/The,--,--,11.95
LYTS UW Equity,LSI Industries Inc,--,--,11.23
MKL UN Equity,Markel Corp,--,--,928.77
MBTF UW Equity,MBT Financial Corp,--,--,9.05
WTBA UW Equity,West BanCorp Inc,--,--,19.6
CMRX UQ Equity,Chimerix Inc,--,--,5.54
MBVT UW Equity,Merchants Bancshares Inc/VT,--,--,32.39
AYR UN Equity,Aircastle Ltd,--,--,19.86
MGEE UW Equity,MGE Energy Inc,--,--,56.51
DEI UN Equity,Douglas Emmett Inc,--,--,36.63
VALPQ UN Equity,Valaris plc,--,--,8.5
KBH UN Equity,KB Home,--,--,16.12
MBI UN Equity,MBIA Inc,--,--,7.79
SPR UN Equity,Spirit AeroSystems Holdings Inc,--,--,44.54
KRG UN Equity,Kite Realty Group Trust,--,--,27.72
CVG UN Equity,Convergys Corp,--,--,30.42
FBRC UW Equity,FBR & Co,--,--,13.24
MGRC UW Equity,McGrath RentCorp,--,--,31.71
IPHS UW Equity,Innophos Holdings Inc,--,--,39.03
MNR UN Equity,Monmouth Real Estate Investment Corp,--,--,14.27
MTW UN Equity,Manitowoc Co Inc/The,--,--,4.79
ZAGG UW Equity,ZAGG Inc,--,--,8.1
MRTN UW Equity,Marten Transport Ltd,--,--,21
RRD UN Equity,RR Donnelley & Sons Co,--,--,15.72
EVTC UN Equity,EVERTEC Inc,--,--,16.78
MSEX UW Equity,Middlesex Water Co,--,--,35.24
CLNE UW Equity,Clean Energy Fuels Corp,--,--,4.47
SITC UN Equity,SITE Centers Corp,--,--,17.43
OMER UQ Equity,Omeros Corp,--,--,11.16
WFTIQ UN Equity,Weatherford International PLC,--,--,5.62
MXWL UW Equity,Maxwell Technologies Inc,--,--,5.16
OC UN Equity,Owens Corning,--,--,53.39
LLNW UW Equity,Limelight Networks Inc,--,--,1.87
NATR UR Equity,Nature's Sunshine Products Inc,--,--,16
RNET UW Equity,RigNet Inc,--,--,15.12
CSFL UW Equity,CenterState Bank Corp,--,--,17.73
AIMC UW Equity,Altra Industrial Motion Corp,--,--,28.97
GEN UN Equity,Genesis Healthcare Inc,--,--,2.67
LSBG UQ Equity,Lake Sunapee Bank Group,--,--,18.07
NCMI UW Equity,National CineMedia Inc,--,--,14.72
RIG UN Equity,Transocean Ltd,--,--,10.66
BNCL UW Equity,Beneficial Bancorp Inc,--,--,14.71
1817382D UN Equity,DCT Industrial Trust Inc,--,--,48.55
NR UN Equity,Newpark Resources Inc,--,--,7.36
FPI UN Equity,Farmland Partners Inc,--,--,11.2
NRIM UW Equity,Northrim BanCorp Inc,--,--,25.75
ASH UN Equity,Ashland Global Holdings Inc,--,--,115.95
GGP UN Equity,Brookfield Property REIT Inc,--,--,27.6
CAC UW Equity,Camden National Corp,--,--,47.74
UIS UN Equity,Unisys Corp,--,--,9.74
NK UW Equity,NantKwest Inc,--,--,7.78
TEX UN Equity,Terex Corp,--,--,25.41
NRZ UN Equity,New Residential Investment Corp,--,--,13.81
MTG UN Equity,MGIC Investment Corp,--,--,8
OFG UN Equity,OFG Bancorp,--,--,10.11
DDS UN Equity,Dillard's Inc,--,--,63.01
ODC UN Equity,Oil-Dri Corp of America,--,--,37.64
OLP UN Equity,One Liberty Properties Inc,--,--,24.16
OTTR UW Equity,Otter Tail Corp,--,--,34.59
PHX UN Equity,PHX Minerals Inc,--,--,17.53
FOR UN Equity,Forestar Group Inc,--,--,11.71
PRK UA Equity,Park National Corp,--,--,96
AMBC UW Equity,Ambac Financial Group Inc,--,--,18.39
1812212D UW Equity,Match Group Inc,--,--,62.47
RNST UW Equity,Renasant Corp,--,--,33.63
SSP UN Equity,EW Scripps Co/The,--,--,15.9
BC UN Equity,Brunswick Corp/DE,--,--,48.78
PKOH UW Equity,Park-Ohio Holdings Corp,--,--,36.45
CTBI UW Equity,Community Trust Bancorp Inc,--,--,37.11
PTCT UW Equity,PTC Therapeutics Inc,--,--,14.01
IRT UA Equity,Independence Realty Trust Inc,--,--,9
AR UN Equity,Antero Resources Corp,--,--,26.95
SNEX UW Equity,StoneX Group Inc,--,--,38.85
SNV UN Equity,Synovus Financial Corp,--,--,32.53
GHM UN Equity,Graham Corp,--,--,19.1
CXP UN Equity,Columbia Property Trust Inc,--,--,22.39
WPG UN Equity,Washington Prime Group Inc,--,--,12.38
PTSI UQ Equity,PAM Transportation Services Inc,--,--,20.02
BANC UN Equity,Banc of California Inc,--,--,17.46
ATHX UR Equity,Athersys Inc,--,--,2.13
SGBK UW Equity,Stonegate Bank,--,--,33.75
ARGO UW Equity,Argo Group International Holdings Ltd,--,--,56.42
QDEL UW Equity,Quidel Corp,--,--,22.09
RAVN UW Equity,Raven Industries Inc,--,--,23.03
SANM UW Equity,Sanmina Corp,--,--,28.47
BLCM UQ Equity,Bellicum Pharmaceuticals Inc,--,--,19.9
APLE UN Equity,Apple Hospitality REIT Inc,--,--,18.51
KRNY UW Equity,Kearny Financial Corp/MD,--,--,13.61
SGA UA Equity,Saga Communications Inc,--,--,45.34
TIPT UR Equity,Tiptree Inc,--,--,5.94
FDML UW Equity,Federal-Mogul Holdings LLC,--,--,9.61
GRBK UR Equity,Green Brick Partners Inc,--,--,8.26
9898989D UN Equity,Tidewater Inc,--,--,2.82
SBCF UW Equity,Seacoast Banking Corp of Florida,--,--,16.09
TRN UN Equity,Trinity Industries Inc,--,--,24.18
UFI UN Equity,Unifi Inc,--,--,29.43
GLUU UW Equity,Glu Mobile Inc,--,--,2.24
SEB UA Equity,Seaboard Corp,--,--,3440
PTC UW Equity,PTC Inc,--,--,44.31
NAV UN Equity,Navistar International Corp,--,--,22.89
GLRE UW Equity,Greenlight Capital Re Ltd,--,--,20.44
SJW UN Equity,SJW Group,--,--,43.68
CRMT UW Equity,America's Car-Mart Inc/TX,--,--,36.39
LPX UN Equity,Louisiana-Pacific Corp,--,--,18.83
CAI UN Equity,CAI International Inc,--,--,8.27
SRCE UW Equity,1st Source Corp,--,--,35.695
ENOC UW Equity,Enel X North America Inc,--,--,5.41
SHOR UW Equity,ShoreTel Inc,--,--,8
CTB UN Equity,Cooper Tire & Rubber Co,--,--,38.02
ARE UN Equity,Alexandria Real Estate Equities Inc,--,--,108.77
STFC UW Equity,State Auto Financial Corp,--,--,23.81
LADR UN Equity,Ladder Capital Corp,--,--,13.24
VOYA UN Equity,Voya Financial Inc,--,--,28.82
WSFS UW Equity,WSFS Financial Corp,--,--,36.49
SYBT UW Equity,Stock Yards Bancorp Inc,--,--,32.96
TNAV UW Equity,Telenav Inc,--,--,5.73
ESSA UW Equity,ESSA Bancorp Inc,--,--,13.83
THFF UW Equity,First Financial Corp/IN,--,--,40.68
TISI UN Equity,Team Inc,--,--,32.71
TRC UN Equity,Tejon Ranch Co,--,--,24.32
WAC UN Equity,Ditech Holding Corp,--,--,4.06
ECHO UW Equity,Echo Global Logistics Inc,--,--,23.06
UAM UN Equity,Universal American Corp,--,--,7.65
CVI UN Equity,CVR Energy Inc,--,--,13.77
PZN UN Equity,Pzena Investment Management Inc,--,--,7.7
USAK UW Equity,USA Truck Inc,--,--,10.24
LCNB UR Equity,LCNB Corp,--,--,18.22
NAME UW Equity,Rightside Group Ltd,--,--,9.1
SSNC UW Equity,SS&C Technologies Holdings Inc,--,--,32.15
USM UN Equity,United States Cellular Corp,--,--,36.34
TNGO UW Equity,Tangoe US Inc,--,--,8.25
UTL UN Equity,Unitil Corp,--,--,39.06
FCB UN Equity,FCB Financial Holdings Inc,--,--,38.43
MHLD UW Equity,Maiden Holdings Ltd,--,--,12.69
BRX UN Equity,Brixmor Property Group Inc,--,--,27.79
ROIC UW Equity,Retail Opportunity Investments Corp,--,--,21.96
1469138D UN Equity,Envision Healthcare Holdings Inc,--,--,22.27
VLGEA UW Equity,Village Super Market Inc,--,--,32.01
TRS UW Equity,TriMas Corp,--,--,18.61
VSEC UW Equity,VSE Corp,--,--,33.99
WASH UW Equity,Washington Trust Bancorp Inc,--,--,40.22
KW UN Equity,Kennedy-Wilson Holdings Inc,--,--,22.55
WEYS UW Equity,Weyco Group Inc,--,--,26.87
CIO UN Equity,City Office REIT Inc,--,--,12.73
WRE UN Equity,Washington Real Estate Investment Trust,--,--,31.12
WSBC UW Equity,WesBanco Inc,--,--,32.88
VWR UW Equity,VWR Corp,--,--,28.36
FMNB UR Equity,Farmers National Banc Corp,--,--,10.78
OPY UN Equity,Oppenheimer Holdings Inc,--,--,14.29
TRGP UN Equity,Targa Resources Corp,--,--,49.11
INDT UQ Equity,Indus Realty Trust Inc,--,--,31.69
TITN UW Equity,Titan Machinery Inc,--,--,10.4
EGLTQ UQ Equity,Zyla Life Sciences,--,--,7.61
SBY UN Equity,Silver Bay Realty Trust Corp,--,--,17.53
PESXQ UN Equity,Pioneer Energy Services Corp,--,--,4.04
FTV UN Equity,Fortive Corp,--,--,50.9
BHR UN Equity,Braemar Hotels & Resorts Inc,--,--,14.1
VRTV UN Equity,Veritiv Corp,--,--,50.17
CR UN Equity,Crane Co,--,--,63.01
KAI UN Equity,Kadant Inc,--,--,52.11
EBSB UW Equity,Meridian Bancorp Inc,--,--,15.57
FFNW UW Equity,First Financial Northwest Inc,--,--,14.17
CRDF UR Equity,Cardiff Oncology Inc,--,--,4.49
FLO UN Equity,Flowers Foods Inc,--,--,15.12
WINSF UR Equity,Wins Finance Holdings Inc,--,--,29.57
MDRIQ UN Equity,McDermott International Inc,--,--,5.01
SPNT UN Equity,SiriusPoint Ltd,--,--,12
NFBK UW Equity,Northfield Bancorp Inc,--,--,16.1
TLRDQ UN Equity,Tailored Brands Inc,--,--,15.7
RLGT UA Equity,Radiant Logistics Inc,--,--,2.84
RAMP UW Equity,LiveRamp Holdings Inc,--,--,26.65
IRDM UW Equity,Iridium Communications Inc,--,--,8.11
WSR UN Equity,Whitestone REIT,--,--,13.88
XRX UN Equity,Xerox Holdings Corp,--,--,10.13
DAN UN Equity,Dana Inc,--,--,15.59
NSA UN Equity,National Storage Affiliates Trust,--,--,20.94
GPT UN Equity,Gramercy Property Trust,--,--,9.64
SATS UW Equity,EchoStar Corp,--,--,43.83
TKR UN Equity,Timken Co/The,--,--,35.14
STML UR Equity,Stemline Therapeutics Inc,--,--,10.83
RCL UN Equity,Royal Caribbean Cruises Ltd,--,--,74.95
DECK UN Equity,Deckers Outdoor Corp,--,--,59.55
BGGSQ UN Equity,Briggs & Stratton Corp,--,--,18.65
LII UN Equity,Lennox International Inc,--,--,157.03
1624831D UN Equity,TIAA FSB Holdings Inc,--,--,19.36
JUNO UW Equity,Juno Therapeutics Inc,--,--,30.01
EGL UN Equity,Engility Holdings Inc,--,--,31.5
NCOM UW Equity,National Commerce Corp,--,--,27.06
ANGO UW Equity,AngioDynamics Inc,--,--,17.54
ZGNX UQ Equity,Zogenix Inc,--,--,11.43
GRA UN Equity,W R Grace & Co,--,--,73.8
CWEI UN Equity,Clayton Williams Energy Inc,--,--,85.44
RRTS UN Equity,Roadrunner Transportation Systems Inc,--,--,7.98
AMH UN Equity,American Homes 4 Rent,--,--,21.64
ASCMA UW Equity,Ascent Capital Group Inc,--,--,23.17
RST UN Equity,Rosetta Stone Inc,--,--,8.48
KSU UN Equity,Kansas City Southern,--,--,93.32
NGVC UN Equity,Natural Grocers by Vitamin Cottage Inc,--,--,11.16
SCVL UW Equity,Shoe Carnival Inc,--,--,26.66
SREV UW Equity,ServiceSource International Inc,--,--,4.88
HOSSQ UN Equity,Hornbeck Offshore Services Inc,--,--,5.5
VTOL UN Equity,Bristow Group Inc,--,--,8.05
ALG UN Equity,Alamo Group Inc,--,--,65.89
TPHS UA Equity,Trinity Place Holdings Inc,--,--,9.78
NC UN Equity,NACCO Industries Inc,--,--,67.96
GCAP UN Equity,GAIN Capital Holdings Inc,--,--,6.18
TBNK UW Equity,Territorial Bancorp Inc,--,--,28.66
LPLA UW Equity,LPL Financial Holdings Inc,--,--,29.91
MTX UN Equity,Minerals Technologies Inc,--,--,70.69
AIN UN Equity,Albany International Corp,--,--,42.38
OA UN Equity,Northrop Grumman Innovation Systems Inc,--,--,76.23
ATO UN Equity,Atmos Energy Corp,--,--,74.47
WDC UW Equity,Western Digital Corp,--,--,58.47
VER UN Equity,VEREIT Inc,--,--,10.37
FCPT UN Equity,Four Corners Property Trust Inc,--,--,21.33
BOH UN Equity,Bank of Hawaii Corp,--,--,72.62
BKU UN Equity,BankUnited Inc,--,--,30.2
B UN Equity,Barnes Group Inc,--,--,40.55
BKH UN Equity,Black Hills Corp,--,--,61.22
CIEIQ UN Equity,Cobalt International Energy Inc,--,--,1.24
MTRN UN Equity,Materion Corp,--,--,30.71
HR UN Equity,Healthcare Realty Trust Inc,--,--,34.06
CBT UN Equity,Cabot Corp,--,--,52.41
1667208D UN Equity,Calgon Carbon Corp,--,--,15.17
CSL UN Equity,Carlisle Cos Inc,--,--,102.57
P UN Equity,Pandora Media LLC,--,--,14.33
CHSP UN Equity,Chesapeake Lodging Trust,--,--,22.9
PEB UN Equity,Pebblebrook Hotel Trust,--,--,26.6
CBB UN Equity,Cincinnati Bell Inc,--,--,4.08
CLDT UN Equity,Chatham Lodging Trust,--,--,19.25
AVX UN Equity,AVX Corp,--,--,13.79
CMC UN Equity,Commercial Metals Co,--,--,16.19
LEA UN Equity,Lear Corp,--,--,121.22
CTS UN Equity,CTS Corp,--,--,18.6
CW UN Equity,Curtiss-Wright Corp,--,--,91.11
TRNO UN Equity,Terreno Realty Corp,--,--,27.51
DBD UN Equity,Diebold Nixdorf Inc,--,--,24.79
DCI UN Equity,Donaldson Co Inc,--,--,37.33
CALX UN Equity,Calix Inc,--,--,7.35
ALEX UN Equity,Alexander & Baldwin Inc,--,--,38.42
ESE UN Equity,ESCO Technologies Inc,--,--,46.42
TLYS UN Equity,Tilly's Inc,--,--,9.39
ESL UN Equity,Esterline Technologies Corp,--,--,76.04
FSS UN Equity,Federal Signal Corp,--,--,13.26
FCF UN Equity,First Commonwealth Financial Corp,--,--,10.09
JACK UW Equity,Jack in the Box Inc,--,--,95.94
AEL UN Equity,American Equity Investment Life Holding,--,--,17.73
GATX UN Equity,GATX Corp,--,--,44.55
SEMG UN Equity,SemGroup Corp,--,--,35.36
AJRD UN Equity,Aerojet Rocketdyne Holdings Inc,--,--,17.58
HAE UN Equity,Haemonetics Corp,--,--,36.21
TVTX UQ Equity,Travere Therapeutics Inc,--,--,22.38
HE UN Equity,Hawaiian Electric Industries Inc,--,--,29.85
MTH UN Equity,Meritage Homes Corp,--,--,34.7
HMN UN Equity,Horace Mann Educators Corp,--,--,36.65
IL UN Equity,Intralinks Holdings Inc,--,--,10.06
HUBB UN Equity,Hubbell Inc,--,--,107.74
IDA UN Equity,IDACORP Inc,--,--,78.28
IEX UN Equity,IDEX Corp,--,--,93.57
PLOW UN Equity,Douglas Dynamics Inc,--,--,31.94
INT UN Equity,World Fuel Services Corp,--,--,46.26
EXPR UN Equity,Express Inc,--,--,11.79
NWLI UW Equity,National Western Life Group Inc,--,--,205.37
HPP UN Equity,Hudson Pacific Properties Inc,--,--,32.87
AXE UN Equity,Anixter International Inc,--,--,64.5
RPXC UW Equity,RPX Corp,--,--,10.69
GXP UN Equity,Great Plains Energy Inc,--,--,27.29
GDOT UN Equity,Green Dot Corp,--,--,23.06
FL UN Equity,Foot Locker Inc,--,--,67.72
KMT UN Equity,Kennametal Inc,--,--,29.02
SGRY UW Equity,Surgery Partners Inc,--,--,20.24
LZB UN Equity,La-Z-Boy Inc,--,--,24.56
MCRN UN Equity,Milacron Holdings Corp,--,--,15.96
SR UN Equity,Spire Inc,--,--,63.74
TOWR UN Equity,Tower International Inc,--,--,24.1
OASPQ UN Equity,Oasis Petroleum Inc,--,--,11.47
GNL UN Equity,Global Net Lease Inc,--,--,8.16
MDC UN Equity,MDC Holdings Inc,--,--,25.8
ALE UN Equity,ALLETE Inc,--,--,59.62
GNRT UN Equity,Gener8 Maritime Inc,--,--,5.12
MLI UN Equity,Mueller Industries Inc,--,--,32.42
BLMT UR Equity,BSB Bancorp Inc/MA,--,--,23.43
TCBK UW Equity,TriCo Bancshares,--,--,26.77
NFG UN Equity,National Fuel Gas Co,--,--,54.07
NPK UN Equity,National Presto Industries Inc,--,--,87.79
NJR UN Equity,New Jersey Resources Corp,--,--,32.86
FSAM UW Equity,Fifth Street Asset Management Inc,--,--,5.51
OGE UN Equity,OGE Energy Corp,--,--,31.62
OLN UN Equity,Olin Corp,--,--,20.52
THR UN Equity,Thermon Group Holdings Inc,--,--,19.75
OMI UN Equity,Owens & Minor Inc,--,--,34.73
TVIAQ UW Equity,TerraVia Holdings Inc,--,--,2.75
BANF UW Equity,BancFirst Corp,--,--,72.51
PKE UN Equity,Park Aerospace Corp,--,--,17.37
AFG UN Equity,American Financial Group Inc/OH,--,--,75
PVH UN Equity,PVH Corp,--,--,110.5
PNY UN Equity,Piedmont Natural Gas Co Inc,--,--,60.04
RJF UN Equity,Raymond James Financial Inc,--,--,58.21
KEYW UW Equity,KeyW Holding Corp/The,--,--,11.04
LBYYQ UA Equity,Libbey Inc,--,--,17.85
RLI UN Equity,RLI Corp,--,--,68.36
BAH UN Equity,Booz Allen Hamilton Holding Corp,--,--,31.61
AL UN Equity,Air Lease Corp,--,--,28.58
SJI UN Equity,South Jersey Industries Inc,--,--,29.55
SWX UN Equity,Southwest Gas Holdings Inc,--,--,69.86
SMP UN Equity,Standard Motor Products Inc,--,--,47.76
ZG UW Equity,Zillow Group Inc,--,--,34.45
ARA UN Equity,American Renal Associates Holdings Inc,--,--,18.27
CAA UN Equity,CalAtlantic Group Inc/old,--,--,33.44
SXI UN Equity,Standex International Corp,--,--,92.87
LECO UW Equity,Lincoln Electric Holdings Inc,--,--,62.62
SF UN Equity,Stifel Financial Corp,--,--,38.45
SUP UN Equity,Superior Industries International Inc,--,--,29.16
FTDCQ UW Equity,Gue Liq Cos Inc,--,--,20.57
VRA UW Equity,Vera Bradley Inc,--,--,15.15
AY UW Equity,Atlantica Sustainable Infrastructure PLC,--,--,19.01
TG UN Equity,Tredegar Corp,--,--,18.59
GABC UW Equity,German American Bancorp Inc,--,--,38.93
UGI UN Equity,UGI Corp,--,--,45.24
UNF UN Equity,UniFirst Corp/MA,--,--,131.86
UNTCQ UN Equity,Unit Corp,--,--,18.6
UVV UN Equity,Universal Corp/VA,--,--,58.22
ASC UN Equity,Ardmore Shipping Corp,--,--,7.04
WGL UN Equity,WGL Holdings Inc,--,--,62.7
AVA UN Equity,Avista Corp,--,--,41.79
WRI UN Equity,Weingarten Realty Investors,--,--,38.98
WWW UN Equity,Wolverine World Wide Inc,--,--,23.03
CBRL UW Equity,Cracker Barrel Old Country Store Inc,--,--,132.22
ACTA UW Equity,Actua Corp,--,--,12.95
KELYA UW Equity,Kelly Services Inc,--,--,19.22
LNCE UW Equity,Snyder's-Lance Inc,--,--,33.58
MENT UW Equity,Mentor Graphics Corp,--,--,26.44
SON UN Equity,Sonoco Products Co,--,--,52.83
FRGI UW Equity,Fiesta Restaurant Group Inc,--,--,24
ENTA UW Equity,Enanta Pharmaceuticals Inc,--,--,26.61
ESND UW Equity,Essendant Inc,--,--,20.52
ARCB UW Equity,ArcBest Corp,--,--,19.02
WSTC UW Equity,Intrado Corp,--,--,22.08
ACAT UW Equity,Arctic Cat Inc,--,--,15.49
AVD UN Equity,American Vanguard Corp,--,--,16.06
CARO UR Equity,Carolina Financial Corp,--,--,22.34
NRC UW Equity,National Research Corp,--,--,16.29
TVTY UW Equity,Tivity Health Inc,--,--,26.46
9990408D UN Equity,Aaron's LLC,--,--,--
LUB UN Equity,Luby's Inc,--,--,4.29
ATNI UW Equity,ATN International Inc,--,--,65.04
BELFB UW Equity,Bel Fuse Inc,--,--,24.14
INN UN Equity,Summit Hotel Properties Inc,--,--,13.16
VRNT UW Equity,Verint Systems Inc,--,--,37.63
BHE UN Equity,Benchmark Electronics Inc,--,--,24.95
BIO UN Equity,Bio-Rad Laboratories Inc,--,--,163.81
BKE UN Equity,Buckle Inc/The,--,--,24.03
AAT UN Equity,American Assets Trust Inc,--,--,43.38
CHEF UW Equity,Chefs' Warehouse Inc/The,--,--,11.14
BRC UN Equity,Brady Corp,--,--,34.61
1847942D UN Equity,LANXESS Solutions US Inc,--,--,32.81
CATO UN Equity,Cato Corp/The,--,--,32.89
VVI UN Equity,Viad Corp,--,--,36.87
PFC UW Equity,Premier Financial Corp,--,--,44.64
CAL UN Equity,Caleres Inc,--,--,25.29
FRP UR Equity,FairPoint Communications LLC,--,--,15.03
CATY UW Equity,Cathay General Bancorp,--,--,30.78
RLJ UN Equity,RLJ Lodging Trust,--,--,21.03
CBU UN Equity,Community Bank System Inc,--,--,48.11
CDR UN Equity,Cedar Realty Trust Inc,--,--,7.2
CENTA UW Equity,Central Garden & Pet Co,--,--,24.8
MYRG UW Equity,MYR Group Inc,--,--,30.1
CHCO UW Equity,City Holding Co,--,--,50.29
WAIR UN Equity,Wesco Aircraft Holdings Inc,--,--,13.43
CGIPQ UN Equity,Celadon Group Inc,--,--,8.74
CLH UN Equity,Clean Harbors Inc,--,--,47.98
GNE UN Equity,Genie Energy Ltd,--,--,5.9
UNIT UW Equity,Uniti Group Inc,--,--,31.41
RATE UN Equity,Bankrate Inc,--,--,8.48
CMTL UW Equity,Comtech Telecommunications Corp,--,--,12.81
AFHIF UR Equity,Atlas Financial Holdings Inc,--,--,15.77
CNMD UW Equity,CONMED Corp,--,--,40.06
COTV UN Equity,Cotiviti Holdings Inc,--,--,33.53
COHU UW Equity,Cohu Inc,--,--,11.74
FRC UN Equity,First Republic Bank/CA,--,--,77.11
COLB UW Equity,Columbia Banking System Inc,--,--,32.72
BH UN Equity,Biglari Holdings Inc,--,--,436.02
AFAM UW Equity,Almost Family Inc,--,--,36.77
TSQ UN Equity,Townsquare Media Inc,--,--,9.34
ASNAQ UW Equity,Ascena Retail Group Inc,--,--,5.59
DGII UW Equity,Digi International Inc,--,--,11.4
DIOD UW Equity,Diodes Inc,--,--,21.34
GPI UN Equity,Group 1 Automotive Inc,--,--,63.88
CACQ UW Equity,Caesars Acquisition Co,--,--,12.42
SPXC UN Equity,SPX Corp,--,--,20.14
WEN UW Equity,Wendy's Co/The,--,--,10.8
MGNI UN Equity,Magnite Inc,--,--,8.28
ENZ UN Equity,Enzo Biochem Inc,--,--,5.09
ESIO UW Equity,Electro Scientific Industries Inc,--,--,5.64
EZPW UW Equity,EZCORP Inc,--,--,11.06
KEYS UN Equity,Keysight Technologies Inc,--,--,31.69
AVNS UN Equity,Avanos Medical Inc,--,--,34.66
FNB UN Equity,FNB Corp/PA,--,--,12.3
KE UW Equity,Kimball Electronics Inc,--,--,13.86
FELE UW Equity,Franklin Electric Co Inc,--,--,40.71
FFBC UW Equity,First Financial Bancorp,--,--,21.84
FBP UN Equity,First BanCorp/Puerto Rico,--,--,5.2
IMDZ UQ Equity,Immune Design Corp,--,--,7.58
ONB UW Equity,Old National Bancorp/IN,--,--,14.06
IGT UN Equity,International Game Technology PLC,--,--,24.38
FINL UW Equity,Finish Line Inc/The,--,--,23.08
BOOT UN Equity,Boot Barn Holdings Inc,--,--,11.38
SPNX UN Equity,SESI Holdings Inc,--,--,17.9
FMBI UW Equity,First Midwest Bancorp Inc/IL,--,--,19.36
PDSB UW Equity,PDS Biotechnology Corp,--,--,10.41
FREDQ UW Equity,Fred's Inc,--,--,9.06
GWB UN Equity,Great Western Bancorp Inc,--,--,33.32
FULT UW Equity,Fulton Financial Corp,--,--,14.52
GBCI UW Equity,Glacier Bancorp Inc,--,--,28.52
GVA UN Equity,Granite Construction Inc,--,--,49.74
GCO UN Equity,Genesco Inc,--,--,54.46
GK UW Equity,G&K Services LLC,--,--,95.49
AUB UW Equity,Atlantic Union Bankshares Corp,--,--,26.77
GNTX UW Equity,Gentex Corp,--,--,17.56
HVT UN Equity,Haverty Furniture Cos Inc,--,--,20.04
HWC UW Equity,Hancock Whitney Corp,--,--,32.43
Z UW Equity,Zillow Group Inc,--,--,34.65
CNA UN Equity,CNA Financial Corp,--,--,34.41
SRG UN Equity,Seritage Growth Properties,--,--,50.68
NEU UN Equity,NewMarket Corp,--,--,429.32
TPH UN Equity,Tri Pointe Homes Inc,--,--,13.18
FCFS UN Equity,FirstCash Inc,--,--,47.08
HWKN UW Equity,Hawkins Inc,--,--,43.33
NL UN Equity,NL Industries Inc,--,--,3.93
ICUI UW Equity,ICU Medical Inc,--,--,126.38
SLRX UQ Equity,Salarius Pharmaceuticals Inc,--,--,11.78
TILE UW Equity,Interface Inc,--,--,16.69
DIN UN Equity,Dine Brands Global Inc,--,--,79.19
IIVI UW Equity,II-VI Inc,--,--,24.33
INDB UW Equity,Independent Bank Corp,--,--,54.09
QCRH UQ Equity,QCR Holdings Inc,--,--,31.74
AEGN UW Equity,Aegion Corp,--,--,19.07
GFF UN Equity,Griffon Corp,--,--,17.01
IVC UN Equity,Invacare Corp,--,--,11.17
IPAR UW Equity,Inter Parfums Inc,--,--,32.27
ITG UN Equity,Investment Technology Group Inc,--,--,17.14
CLDX UW Equity,Celldex Therapeutics Inc,--,--,4.04
KEX UN Equity,Kirby Corp,--,--,62.16
VIVO UW Equity,Meridian Bioscience Inc,--,--,19.29
KOPN UW Equity,Kopin Corp,--,--,2.18
USG UN Equity,USG Corp,--,--,25.85
LAWS UW Equity,Lawson Products Inc/DE,--,--,17.73
WNR UN Equity,Western Refining Inc,--,--,26.46
LNN UN Equity,Lindsay Corp,--,--,73.98
LXU UN Equity,LSB Industries Inc,--,--,8.58
PRA UN Equity,ProAssurance Corp,--,--,52.48
AE UA Equity,Adams Resources & Energy Inc,--,--,39.32
MEI UN Equity,Methode Electronics Inc,--,--,34.97
MMSI UW Equity,Merit Medical Systems Inc,--,--,24.29
MSA UN Equity,MSA Safety Inc,--,--,58.04
MOG/A UN Equity,Moog Inc,--,--,59.54
RT UN Equity,Ruby Tuesday Inc,--,--,2.5
MCS UN Equity,Marcus Corp/The,--,--,25.04
MCY UN Equity,Mercury General Corp,--,--,54.85
MTRX UW Equity,Matrix Service Co,--,--,18.76
HCCI UW Equity,Heritage-Crystal Clean Inc,--,--,13.28
MTSC UW Equity,MTS Systems Corp,--,--,46.03
ONTO UW Equity,Onto Innovation Inc,--,--,22.34
GTY UN Equity,Getty Realty Corp,--,--,23.93
NAVG UW Equity,Navigators Group Inc/The,--,--,96.92
ZNGA UW Equity,Zynga Inc,--,--,2.91
NBTB UW Equity,NBT Bancorp Inc,--,--,32.87
1745597D UW Equity,Tesla Energy Operations Inc/DE,--,--,19.56
XONE UW Equity,ExOne Co/The,--,--,15.22
NNN UN Equity,National Retail Properties Inc,--,--,50.85
PTLA UW Equity,Portola Pharmaceuticals Inc,--,--,22.71
EPZM UW Equity,Epizyme Inc,--,--,9.84
NWN UN Equity,Northwest Natural Holding Co,--,--,60.11
ODFL UW Equity,Old Dominion Freight Line Inc,--,--,68.61
CNTY UR Equity,Century Casinos Inc,--,--,6.91
PHIKQ UW Equity,PHI Inc,--,--,18.17
BRSWQ UN Equity,Bristow Group Inc/old,--,--,14.02
IBTX UW Equity,Independent Bank Group Inc,--,--,44.17
PEGI UW Equity,Pattern Energy Group LLC,--,--,22.49
CUZ UN Equity,Cousins Properties Inc,--,--,10.44
PEI UN Equity,Pennsylvania Real Estate Investment Trus,--,--,23.03
PDCE UW Equity,PDC Energy Inc,--,--,67.06
CECE UW Equity,CECO Environmental Corp,--,--,11.28
AGYS UW Equity,Agilysys Inc,--,--,11.12
1448021D UN Equity,Parkway Properties Inc/Md,--,--,17.01
NMRX UW Equity,Sierra Wireless Services America Holding,--,--,7.78
NYNY UQ Equity,Empire Resorts Inc,--,--,20.24
CHMG UW Equity,Chemung Financial Corp,--,--,28.99
PLXS UW Equity,Plexus Corp,--,--,46.78
CASH UW Equity,Meta Financial Group Inc,--,--,60.61
POWL UW Equity,Powell Industries Inc,--,--,40.05
ITIC UW Equity,Investors Title Co,--,--,99.5
REIS UW Equity,Reis Inc,--,--,20.46
WMAR UW Equity,West Marine Inc,--,--,8.27
KWR UN Equity,Quaker Chemical Corp,--,--,105.93
BREW UW Equity,Craft Brew Alliance Inc,--,--,18.83
RBC UN Equity,Regal Beloit Corp,--,--,59.49
DMRC UW Equity,Digimarc Corp,--,--,38.35
ORBC UW Equity,ORBCOMM Inc,--,--,10.25
RGS UN Equity,Regis Corp,--,--,12.55
OFC UN Equity,Corporate Office Properties Trust,--,--,28.35
OSBC UW Equity,Old Second Bancorp Inc,--,--,8.31
CMO UN Equity,Capstead Mortgage Corp,--,--,9.43
FLNT UQ Equity,Fluent Inc,--,--,5.09
ADUS UW Equity,Addus HomeCare Corp,--,--,26.16
ROG UN Equity,Rogers Corp,--,--,61.08
DFRG UW Equity,Del Frisco's Restaurant Group Inc,--,--,13.47
FRG UW Equity,Franchise Group Inc,--,--,12.78
SAFM UW Equity,Sanderson Farms Inc,--,--,96.33
SCHL UW Equity,Scholastic Corp,--,--,39.36
SCL UN Equity,Stepan Co,--,--,72.66
SUI UN Equity,Sun Communities Inc,--,--,78.48
TTPH UW Equity,Tetraphase Pharmaceuticals Inc,--,--,3.83
SMG UN Equity,Scotts Miracle-Gro Co/The,--,--,83.27
LEN/B UN Equity,Lennar Corp,--,--,33.57
FPRX UW Equity,Five Prime Therapeutics Inc,--,--,52.49
SENEA UW Equity,Seneca Foods Corp,--,--,28.24
SFNC UW Equity,Simmons First National Corp,--,--,49.9
SHLM UW Equity,Lyondellbasell Advanced Polymers Inc,--,--,29.12
LMNR UW Equity,Limoneira Co,--,--,18.9
ICON UW Equity,Iconix Brand Group Inc,--,--,8.12
FBIZ UW Equity,First Business Financial Services Inc,--,--,23.5
SIGI UW Equity,Selective Insurance Group Inc,--,--,39.86
RPAI UN Equity,Retail Properties of America Inc,--,--,16.8
AAL UW Equity,American Airlines Group Inc,--,--,36.61
SIGM UW Equity,Sigma Designs Inc,--,--,7.79
STC UN Equity,Stewart Information Services Corp,--,--,44.45
SIVB UW Equity,SVB Financial Group,--,--,110.54
SHYF UW Equity,Shyft Group Inc/The,--,--,9.58
STBA UW Equity,S&T Bancorp Inc,--,--,28.99
BLX UN Equity,Bladex,--,--,28.18
TAHO UN Equity,Tahoe Resources Inc,--,--,12.83
BRSS UN Equity,Global Brass and Copper Holdings Inc,--,--,28.89
AWR UN Equity,American States Water Co,--,--,40.05
TNC UN Equity,Tennant Co,--,--,64.8
TMP UA Equity,Tompkins Financial Corp,--,--,76.41
ECOM UN Equity,ChannelAdvisor Corp,--,--,12.93
DX UN Equity,Dynex Capital Inc,--,--,7.42
TFX UN Equity,Teleflex Inc,--,--,168.05
ICBK UQ Equity,County Bancorp Inc,--,--,20.01
TRMB UW Equity,Trimble Inc,--,--,28.56
TRST UW Equity,TrustCo Bank Corp NY,--,--,7.09
TTI UN Equity,TETRA Technologies Inc,--,--,6.11
UBSI UW Equity,United Bankshares Inc/WV,--,--,37.67
OKSB UW Equity,Southwest Bancorp Inc,--,--,18.99
UFCS UW Equity,United Fire Group Inc,--,--,42.32
KMPR UN Equity,Kemper Corp,--,--,39.32
VMI UN Equity,Valmont Industries Inc,--,--,134.57
VICR UW Equity,Vicor Corp,--,--,11.6
TTEK UW Equity,Tetra Tech Inc,--,--,35.47
SCWX UW Equity,SecureWorks Corp,--,--,12.51
WTS UN Equity,Watts Water Technologies Inc,--,--,64.84
WBS UN Equity,Webster Financial Corp,--,--,38.01
UFPT UR Equity,UFP Technologies Inc,--,--,26.5
WERN UW Equity,Werner Enterprises Inc,--,--,23.27
WAFD UW Equity,Washington Federal Inc,--,--,26.68
JW/A UN Equity,John Wiley & Sons Inc,--,--,51.61
WIRE UW Equity,Encore Wire Corp,--,--,36.77
ARW UN Equity,Arrow Electronics Inc,--,--,63.97
WRLD UW Equity,World Acceptance Corp,--,--,49.04
ZBRA UW Equity,Zebra Technologies Corp,--,--,69.61
SKT UN Equity,Tanger Factory Outlet Centers Inc,--,--,38.96
SIG UN Equity,Signet Jewelers Ltd,--,--,74.53
HT UN Equity,Hersha Hospitality Trust,--,--,18.02
LTC UN Equity,LTC Properties Inc,--,--,51.99
OHI UN Equity,Omega Healthcare Investors Inc,--,--,35.45
CCP UN Equity,Care Capital Properties Inc,--,--,28.5
TCO UN Equity,Taubman Centers Inc,--,--,74.41
SM UN Equity,SM Energy Co,--,--,38.58
FRO UN Equity,Frontline Ltd/Bermuda,--,--,7.17
BBOX UW Equity,Black Box Corp,--,--,13.9
CKH UN Equity,SEACOR Holdings Inc,--,--,59.49
BCRX UW Equity,BioCryst Pharmaceuticals Inc,--,--,4.41
CRY UN Equity,CryoLife Inc,--,--,17.57
AKR UN Equity,Acadia Realty Trust,--,--,36.24
PERY UW Equity,Perry Ellis International Inc,--,--,19.28
1752683D UW Equity,First Connecticut Bancorp Inc/Farmington,--,--,17.79
RGA UN Equity,Reinsurance Group of America Inc,--,--,107.94
GEF UN Equity,Greif Inc,--,--,49.59
PPS UN Equity,Post Properties Inc,--,--,66.13
MCRI UW Equity,Monarch Casino & Resort Inc,--,--,25.17
MOV UN Equity,Movado Group Inc,--,--,21.48
UTEK UW Equity,Ultratech Inc,--,--,23.08
BFS UN Equity,Saul Centers Inc,--,--,66.6
MHO UN Equity,M/I Homes Inc,--,--,23.57
BFIN UW Equity,BankFinancial Corp,--,--,12.7
ROCK UW Equity,Gibraltar Industries Inc,--,--,37.15
AVID UW Equity,Avid Technology Inc,--,--,7.94
UFPI UW Equity,UFP Industries Inc,--,--,98.49
LXP UN Equity,Lexington Realty Trust,--,--,10.3
FFIN UW Equity,First Financial Bankshares Inc,--,--,36.44
HAIN UW Equity,Hain Celestial Group Inc/The,--,--,35.58
MAA UN Equity,Mid-America Apartment Communities Inc,--,--,93.99
GEF/B UN Equity,Greif Inc,--,--,60.59
AF UN Equity,Astoria Financial Corp,--,--,14.6
BNED UN Equity,Barnes & Noble Education Inc,--,--,9.57
DAKT UW Equity,Daktronics Inc,--,--,9.54
ALB UN Equity,Albemarle Corp,--,--,85.49
TBI UN Equity,TrueBlue Inc,--,--,22.66
DSPG UW Equity,DSP Group Inc,--,--,12.01
BPFH UW Equity,Boston Private Financial Holdings Inc,--,--,12.83
MINI UW Equity,Mobile Mini Inc,--,--,30.2
1865332D UW Equity,TerraForm Global Inc,--,--,4.11
OGS UN Equity,ONE Gas Inc,--,--,61.84
DAR UN Equity,Darling Ingredients Inc,--,--,13.51
ORM UA Equity,Owens Realty Mortgage Inc,--,--,17.32
SCSC UW Equity,ScanSource Inc,--,--,36.5
AGFS UW Equity,AgroFresh Solutions Inc,--,--,5.29
SFR UN Equity,Starwood Waypoint Homes,--,--,28.7
1824551D UN Equity,Alterra Mountain Co,--,--,16.22
TK UN Equity,Teekay Corp,--,--,7.71
HIW UN Equity,Highwoods Properties Inc,--,--,52.12
NWHM UN Equity,New Home Co Inc/The,--,--,10.67
CALM UW Equity,Cal-Maine Foods Inc,--,--,38.54
PEBO UW Equity,Peoples Bancorp Inc/OH,--,--,24.59
ESS UN Equity,Essex Property Trust Inc,--,--,222.7
ISCA UW Equity,International Speedway Corp,--,--,33.42
GEO UN Equity,GEO Group Inc/The,--,--,23.78
OPB UW Equity,Opus Bank,--,--,35.37
CLI UN Equity,Mack-Cali Realty Corp,--,--,27.22
LGF/A UN Equity,Lions Gate Entertainment Corp,--,--,19.99
9876444D UN Equity,Knight Transportation Inc,--,--,28.69
O UN Equity,Realty Income Corp,--,--,66.93
REV UN Equity,Revlon Inc,--,--,36.78
NSIT UW Equity,Insight Enterprises Inc,--,--,32.55
PYXSQ UN Equity,Old Holdco Inc,--,--,19.12
PFIS UW Equity,Peoples Financial Services Corp,--,--,40.76
NWBI UW Equity,Northwest Bancshares Inc,--,--,15.71
RWT UN Equity,Redwood Trust Inc,--,--,14.16
WVE UQ Equity,WaVe Life Sciences Ltd,--,--,32.47
VECO UW Equity,Veeco Instruments Inc,--,--,19.63
NAT UN Equity,Nordic American Tankers Ltd,--,--,10.11
ANDE UW Equity,Andersons Inc/The,--,--,36.18
BRKS UW Equity,Brooks Automation Inc,--,--,13.61
FMSA UN Equity,Fairmount Santrol Holdings Inc,--,--,8.48
RCII UW Equity,Rent-A-Center Inc/TX,--,--,12.64
NATI UW Equity,National Instruments Corp,--,--,28.4
IBOC UW Equity,International Bancshares Corp,--,--,29.78
RSYS UW Equity,Radisys Corp,--,--,5.345
HLIT UW Equity,Harmonic Inc,--,--,5.93
LSI UN Equity,Life Storage Inc,--,--,88.94
MD UN Equity,MEDNAX Inc,--,--,66.25
CENX UW Equity,Century Aluminum Co,--,--,6.95
ALSN UN Equity,Allison Transmission Holdings Inc,--,--,28.68
AEIS UW Equity,Advanced Energy Industries Inc,--,--,47.32
ANH UN Equity,Anworth Mortgage Asset Corp,--,--,4.92
CRRTQ UN Equity,CARBO Ceramics Inc,--,--,10.94
NNBR UW Equity,NN Inc,--,--,18.25
TCS UN Equity,Container Store Group Inc/The,--,--,5.02
AMNB UW Equity,American National Bankshares Inc,--,--,27.95
9990201D UW Equity,Dime Community Bancshares Inc/NY,--,--,16.76
ATLO UR Equity,Ames National Corp,--,--,27.66
THG UN Equity,Hanover Insurance Group Inc/The,--,--,75.42
ARTNA UW Equity,Artesian Resources Corp,--,--,28.54
GEOS UW Equity,Geospace Technologies Corp,--,--,19.48
RASFQ UN Equity,RAIT Financial Trust,--,--,3.38
CCNE UW Equity,CNB Financial Corp/PA,--,--,21.16
KODK UN Equity,Eastman Kodak Co,--,--,15
LKFN UW Equity,Lakeland Financial Corp,--,--,35.42
CARA UQ Equity,Cara Therapeutics Inc,--,--,8.35
SWM UN Equity,Schweitzer-Mauduit International Inc,--,--,38.56
MFA UN Equity,MFA Financial Inc,--,--,7.48
FCBC UW Equity,First Community Bankshares Inc,--,--,24.8
HOPE UW Equity,Hope Bancorp Inc,--,--,17.37
HAFC UW Equity,Hanmi Financial Corp,--,--,26.34
CHCT UN Equity,Community Healthcare Trust Inc,--,--,21.92
IM UN Equity,Ingram Micro Inc,--,--,35.66
MCF UA Equity,Contango Oil & Gas Co,--,--,10.22
HUBG UW Equity,Hub Group Inc,--,--,40.76
NXRT UN Equity,NexPoint Residential Trust Inc,--,--,19.66
VMW UN Equity,VMware Inc,--,--,73.35
JAKK UW Equity,JAKKS Pacific Inc,--,--,8.64
NKSH UR Equity,National Bankshares Inc,--,--,36.78
STRA UW Equity,Strategic Education Inc,--,--,46.68
MPAA UW Equity,Motorcar Parts of America Inc,--,--,28.78
HIBB UW Equity,Hibbett Sports Inc,--,--,39.9
NCI UN Equity,Navigant Consulting Inc,--,--,20.22
AMSF UW Equity,AMERISAFE Inc,--,--,58.78
TGI UN Equity,Triumph Group Inc,--,--,27.88
AHH UN Equity,Armada Hoffler Properties Inc,--,--,13.4
UNFI UW Equity,United Natural Foods Inc,--,--,40.04
HLX UN Equity,Helix Energy Solutions Group Inc,--,--,8.13
WTFC UW Equity,Wintrust Financial Corp,--,--,55.57
VAC UN Equity,Marriott Vacations Worldwide Corp,--,--,73.32
VSAT UW Equity,Viasat Inc,--,--,74.65
RSTI UW Equity,Rofin-Sinar Technologies Inc,--,--,32.18
DCOM UW Equity,Dime Community Bancshares Inc,--,--,28.59
KRC UN Equity,Kilroy Realty Corp,--,--,69.35
CCBG UW Equity,Capital City Bank Group Inc,--,--,14.77
ADC UN Equity,Agree Realty Corp,--,--,49.44
SPTN UW Equity,SpartanNash Co,--,--,28.92
SKYW UW Equity,SkyWest Inc,--,--,26.41
UMPQ UW Equity,Umpqua Holdings Corp,--,--,15.05
CXW UN Equity,CoreCivic Inc,--,--,13.87
KOS UN Equity,Kosmos Energy Ltd,--,--,6.41
ATRA UW Equity,Atara Biotherapeutics Inc,--,--,21.39
BCOR UW Equity,Blucora Inc,--,--,11.2
OSIS UW Equity,OSI Systems Inc,--,--,65.38
AT UN Equity,Atlantic Power Corp,--,--,2.47
PFSI UN Equity,PennyMac Financial Services Inc,--,--,17.01
GPORQ UW Equity,Gulfport Energy Corp,--,--,28.25
FARO UW Equity,FARO Technologies Inc,--,--,35.95
EPR UN Equity,EPR Properties,--,--,78.74
EQY UN Equity,Equity One Inc,--,--,30.61
9999998D UN Equity,Seadrill Ltd/old,--,--,2.37
ACR UN Equity,ACRES Commercial Realty Corp,--,--,12.81
NIHD UW Equity,NII Holdings Inc,--,--,3.33
DHT UN Equity,DHT Holdings Inc,--,--,4.19
JBLU UW Equity,JetBlue Airways Corp,--,--,17.24
DRQ UN Equity,Dril-Quip Inc,--,--,55.74
BMRC UR Equity,Bank of Marin Bancorp,--,--,49.73
URI UN Equity,United Rentals Inc,--,--,78.49
SAVE UW Equity,Spirit Airlines Inc,--,--,42.53
MKSI UW Equity,MKS Instruments Inc,--,--,49.73
INGR UN Equity,Ingredion Inc,--,--,133.06
BRKL UW Equity,Brookline Bancorp Inc,--,--,12.19
SMBC UQ Equity,Southern Missouri Bancorp Inc,--,--,24.9
EQBK UW Equity,Equity Bancshares Inc,--,--,25.94
MRCY UW Equity,Mercury Systems Inc,--,--,24.57
CYS UN Equity,CYS Investments Inc,--,--,8.72
AMSG UW Equity,Amsurg Corp,--,--,67.05
VYGR UW Equity,Voyager Therapeutics Inc,--,--,12.01
LHO UN Equity,LaSalle Hotel Properties,--,--,23.87
HSII UW Equity,Heidrick & Struggles International Inc,--,--,18.55
HZO UN Equity,MarineMax Inc,--,--,20.95
ARR UN Equity,ARMOUR Residential REIT Inc,--,--,22.54
CIM UN Equity,Chimera Investment Corp,--,--,15.95
KFY UN Equity,Korn Ferry,--,--,21
CPA UN Equity,Copa Holdings SA,--,--,87.93
PVTB UW Equity,PrivateBancorp Inc,--,--,45.92
TGH UN Equity,Textainer Group Holdings Ltd,--,--,7.49
UAL UN Equity,United Airlines Holdings Inc,--,--,52.47
KIRK UW Equity,Kirkland's Inc,--,--,12.18
DNOW UN Equity,NOW Inc,--,--,21.43
DAL UN Equity,Delta Air Lines Inc,--,--,39.36
CNC UN Equity,Centene Corp,--,--,66.96
MDCO UW Equity,Medicines Co/The,--,--,37.74
TNK UN Equity,Teekay Tankers Ltd,--,--,2.53
EPAY UW Equity,Bottomline Technologies DE Inc,--,--,23.31
EWBC UW Equity,East West Bancorp Inc,--,--,36.71
LPI UN Equity,Laredo Petroleum Inc,--,--,12.9
IVR UN Equity,Invesco Mortgage Capital Inc,--,--,15.23
NLSN UN Equity,Nielsen Holdings PLC,--,--,53.57
UCBI UW Equity,United Community Banks Inc/GA,--,--,21.02
PMT UN Equity,PennyMac Mortgage Investment Trust,--,--,15.58
ECPG UW Equity,Encore Capital Group Inc,--,--,22.48
SSINQ UN Equity,Stage Stores Inc,--,--,5.61
CIR UN Equity,CIRCOR International Inc,--,--,59.56
STWD UN Equity,Starwood Property Trust Inc,--,--,22.52
TWO UN Equity,Two Harbors Investment Corp,--,--,8.53
VIA UW Equity,Viacom Inc,--,--,42.82
VVC UN Equity,Vectren Corp,--,--,50.2
1627503D UN Equity,Colony Capital Inc/Old,--,--,18.23
RGP UW Equity,Resources Connection Inc,--,--,14.94
ARI UN Equity,Apollo Commercial Real Estate Finance In,--,--,16.37
HDNG UW Equity,Hardinge Inc,--,--,11.13
9749933D UN Equity,Gannett Media Corp,--,--,11.64
INVN UN Equity,InvenSense Inc,--,--,7.42
ACM UN Equity,AECOM,--,--,29.73
AVAV UW Equity,AeroVironment Inc,--,--,24.41
STNG UN Equity,Scorpio Tankers Inc,--,--,4.63
CLMS UW Equity,Calamos Asset Management Inc,--,--,6.82
GHL UN Equity,Greenhill & Co Inc,--,--,23.57
ABCB UW Equity,Ameris Bancorp,--,--,34.95
1859004D UW Equity,ILG LLC,--,--,17.17
NCIT UW Equity,NCI Inc,--,--,11.57
XHR UN Equity,Xenia Hotels & Resorts Inc,--,--,15.18
NTCT UW Equity,NetScout Systems Inc,--,--,29.25
CMRE UN Equity,Costamare Inc,--,--,9.14
PENN UW Equity,Penn National Gaming Inc,--,--,13.57
PRFT UW Equity,Perficient Inc,--,--,20.15
UTHR UW Equity,United Therapeutics Corp,--,--,118.08
WCG UN Equity,WellCare Health Plans Inc,--,--,117.09
ARIA UW Equity,ARIAD Pharmaceuticals Inc,--,--,13.69
TDY UN Equity,Teledyne Technologies Inc,--,--,107.93
MITT UN Equity,AG Mortgage Investment Trust Inc,--,--,15.75
OMF UN Equity,OneMain Holdings Inc,--,--,30.95
DKS UN Equity,Dick's Sporting Goods Inc,--,--,56.72
HPE UN Equity,Hewlett Packard Enterprise Co,--,--,22.75
MANT UW Equity,ManTech International Corp/VA,--,--,37.69
GBX UN Equity,Greenbrier Cos Inc/The,--,--,35.3
ENDP UW Equity,Endo International PLC,--,--,20.15
CCMP UW Equity,CMC Materials Inc,--,--,52.91
MN UN Equity,Manning & Napier Inc,--,--,7.09
SNECQ UN Equity,Mesquite Energy Inc,--,--,8.84
ITGR UN Equity,Integer Holdings Corp,--,--,21.69
MLR UN Equity,Miller Industries Inc/TN,--,--,22.79
NYRT UN Equity,New York REIT Liquidating LLC,--,--,9.15
PNFP UW Equity,Pinnacle Financial Partners Inc,--,--,54.08
TTMI UW Equity,TTM Technologies Inc,--,--,11.45
NOG UA Equity,Northern Oil and Gas Inc,--,--,2.68
FCFP UR Equity,First Community Financial Partners Inc,--,--,9.52
AUTO UR Equity,AutoWeb Inc,--,--,17.8
NTGR UW Equity,NETGEAR Inc,--,--,60.49
BKMU UW Equity,Bank Mutual Corp,--,--,7.68
CPLA UW Equity,Capella Education Co,--,--,58.04
SNX UN Equity,SYNNEX Corp,--,--,114.11
FSP UA Equity,Franklin Street Properties Corp,--,--,12.6
FR UN Equity,First Industrial Realty Trust Inc,--,--,28.22
PGC UW Equity,Peapack-Gladstone Financial Corp,--,--,22.41
NSR UN Equity,NeuStar Inc,--,--,26.59
LNG UA Equity,Cheniere Energy Inc,--,--,43.6
VALU UR Equity,Value Line Inc,--,--,16.24
KND UN Equity,Kindred Healthcare LLC,--,--,10.22
ENVA UN Equity,Enova International Inc,--,--,9.68
BGFV UW Equity,Big 5 Sporting Goods Corp,--,--,13.62
ORIT UW Equity,Oritani Financial Corp,--,--,15.72
CMP UN Equity,Compass Minerals International Inc,--,--,73.7
CUNB UR Equity,CU Bancorp/Los Angeles CA,--,--,22.81
ENS UN Equity,EnerSys,--,--,69.19
VSI UN Equity,Vitamin Shoppe Inc,--,--,26.85
SPWH UW Equity,Sportsman's Warehouse Holdings Inc,--,--,10.52
SAFT UW Equity,Safety Insurance Group Inc,--,--,67.22
RRGB UW Equity,Red Robin Gourmet Burgers Inc,--,--,44.94
DXPE UW Equity,DXP Enterprises Inc/TX,--,--,28.19
SPOK UW Equity,Spok Holdings Inc,--,--,17.82
WMC UN Equity,Western Asset Mortgage Capital Corp,--,--,10.42
HEOP UR Equity,Heritage Oaks Bancorp,--,--,8.2
ZEUS UW Equity,Olympic Steel Inc,--,--,22.1
PFS UN Equity,Provident Financial Services Inc,--,--,21.23
PRAA UW Equity,PRA Group Inc,--,--,34.54
IPCC UW Equity,Infinity Property and Casualty Corp,--,--,82.63
AHL UN Equity,Aspen Insurance Holdings Ltd,--,--,46.59
MOH UN Equity,Molina Healthcare Inc,--,--,58.32
PIPR UN Equity,Piper Sandler Cos,--,--,48.3
USAT UQ Equity,USA Technologies Inc,--,--,5.605
HTA UN Equity,Healthcare Trust of America Inc,--,--,32.62
ASB UN Equity,Associated Banc-Corp,--,--,19.59
GSAT UA Equity,Globalstar Inc,--,--,1.21
DTLK UW Equity,Datalink Corp,--,--,10.61
SBNY UW Equity,Signature Bank/New York NY,--,--,118.45
CAB UN Equity,Cabela's Inc,--,--,54.93
STRT UQ Equity,Strattec Security Corp,--,--,35.3
ACC UN Equity,American Campus Communities Inc,--,--,50.87
PLPC UW Equity,Preformed Line Products Co,--,--,42.17
FLXS UW Equity,Flexsteel Industries Inc,--,--,51.72
IBKC UW Equity,IBERIABANK Corp,--,--,67.12
MBFI UW Equity,MB Financial Inc,--,--,38.04
HBNC UW Equity,Horizon Bancorp Inc/IN,--,--,29.38
MPW UN Equity,Medical Properties Trust Inc,--,--,14.77
CVLG UW Equity,Covenant Logistics Group Inc,--,--,19.33
DRH UN Equity,DiamondRock Hospitality Co,--,--,9.1
LION UW Equity,Fidelity Southern Corp,--,--,18.39
SASR UW Equity,Sandy Spring Bancorp Inc,--,--,30.58
GBL UN Equity,GAMCO Investors Inc,--,--,28.47
RLGY UN Equity,Realogy Holdings Corp,--,--,25.86
HAYN UW Equity,Haynes International Inc,--,--,37.11
ERINQ UA Equity,Erin Energy Corp,--,--,2.35
LQDT UW Equity,Liquidity Services Inc,--,--,11.24
PPBI UW Equity,Pacific Premier Bancorp Inc,--,--,26.46
TRK UN Equity,Speedway Motorsports LLC,--,--,17.86
SILC UW Equity,Silicom Ltd,--,--,41.4
NWE UN Equity,NorthWestern Corp,--,--,57.53
KOP UN Equity,Koppers Holdings Inc,--,--,32.18
LHCG UW Equity,LHC Group Inc,--,--,36.88
CDTX UQ Equity,Cidara Therapeutics Inc,--,--,11.45
ZUMZ UW Equity,Zumiez Inc,--,--,18
BHB UA Equity,Bar Harbor Bankshares,--,--,36.72
KS UN Equity,KapStone Paper and Packaging Corp,--,--,18.92
NVEC UR Equity,NVE Corp,--,--,58.94
THS UN Equity,TreeHouse Foods Inc,--,--,87.19
CBZ UN Equity,CBIZ Inc,--,--,11.19
SYX UN Equity,Systemax Inc,--,--,7.92
ACNB UR Equity,ACNB Corp,--,--,26.58
YDKN UN Equity,Yadkin Financial Corp,--,--,26.29
KALU UW Equity,Kaiser Aluminum Corp,--,--,86.49
SMCI UW Equity,Super Micro Computer Inc,--,--,23.37
PWOD UW Equity,Penns Woods Bancorp Inc,--,--,44.46
IBKR UW Equity,Interactive Brokers Group Inc,--,--,35.27
BANR UW Equity,Banner Corp,--,--,43.74
EIG UN Equity,Employers Holdings Inc,--,--,29.83
LL UN Equity,Lumber Liquidators Holdings Inc,--,--,19.67
ORN UN Equity,Orion Group Holdings Inc,--,--,6.85
PMC UN Equity,PharMerica Corp,--,--,28.07
AIR UN Equity,AAR Corp,--,--,31.32
APEI UW Equity,American Public Education Inc,--,--,19.81
POR UN Equity,Portland General Electric Co,--,--,42.59
YORW UW Equity,York Water Co/The,--,--,29.66
NX UN Equity,Quanex Building Products Corp,--,--,17.26
CMCO UW Equity,Columbus McKinnon Corp/NY,--,--,17.84
FAF UN Equity,First American Financial Corp,--,--,39.28
LNDC UW Equity,Landec Corp,--,--,13.41
IDT UN Equity,IDT Corp,--,--,17.24
CASS UW Equity,Cass Information Systems Inc,--,--,56.65
KVHI UW Equity,KVH Industries Inc,--,--,8.81
UHAL UW Equity,AMERCO,--,--,324.23
KRA UN Equity,Kraton Corp,--,--,35.04
PFBI UQ Equity,Premier Financial Bancorp Inc,--,--,17.14
LMOS UW Equity,Lumos Networks Corp,--,--,14
1868126D UW Equity,Exactech Inc,--,--,27.03
RUSHA UW Equity,Rush Enterprises Inc,--,--,24.48
OLBK UR Equity,Old Line Bancshares Inc,--,--,19.73
TSC UW Equity,TriState Capital Holdings Inc,--,--,16.15
NGVT UN Equity,Ingevity Corp,--,--,46.1
GWR UN Equity,Genesee & Wyoming Inc,--,--,68.95
OCFC UW Equity,OceanFirst Financial Corp,--,--,19.26
FFG UN Equity,FBL Financial Group Inc,--,--,63.97
CZNC UR Equity,Citizens & Northern Corp,--,--,21.97
CVLY UQ Equity,Codorus Valley Bancorp Inc,--,--,21.88
FET UN Equity,Forum Energy Technologies Inc,--,--,19.86
CBF UW Equity,Capital Bank Financial Corp,--,--,32.11
MRC UN Equity,MRC Global Inc,--,--,16.43
SRC UN Equity,Spirit Realty Capital Inc,--,--,13.33
MSBI UW Equity,Midland States Bancorp Inc,--,--,25.34
XPER UW Equity,Xperi Holding Corp,--,--,38.44
FANG UW Equity,Diamondback Energy Inc,--,--,96.54
AIT UN Equity,Applied Industrial Technologies Inc,--,--,46.74
MGI UW Equity,MoneyGram International Inc,--,--,7.1
FNBCQ UW Equity,First NBC Bank Holding Co,--,--,9.44
NOVT UW Equity,Novanta Inc,--,--,17.35
SHOS UR Equity,Sears Hometown and Outlet Stores Inc,--,--,4.93
WBT UN Equity,Welbilt Inc,--,--,16.22
AC UN Equity,Associated Capital Group Inc,--,--,35.46
DMTX UW Equity,Dimension Therapeutics Inc,--,--,7.99
NYMT UW Equity,New York Mortgage Trust Inc,--,--,6.02
COTY UN Equity,Coty Inc,--,--,23.5
CTT UN Equity,CatchMark Timber Trust Inc,--,--,11.69
LCI UN Equity,Lannett Co Inc,--,--,26.57
AJG UN Equity,Arthur J Gallagher & Co,--,--,50.87
SYKE UW Equity,Sykes Enterprises Inc,--,--,28.13
GCP UN Equity,GCP Applied Technologies Inc,--,--,28.32
ESPR UQ Equity,Esperion Therapeutics Inc,--,--,13.85
WCIC UN Equity,WCI Communities Inc,--,--,23.72
CPF UN Equity,Central Pacific Financial Corp,--,--,25.19
IBCP UW Equity,Independent Bank Corp/MI,--,--,16.83
CACB UR Equity,Cascade Bancorp,--,--,6.06
WNC UN Equity,Wabash National Corp,--,--,14.24
YELL UW Equity,Yellow Corp,--,--,12.32
AKBA UQ Equity,Akebia Therapeutics Inc,--,--,9.05
FBC UN Equity,Flagstar Bancorp Inc,--,--,27.75
ARMK UN Equity,Aramark,--,--,38.03
HLT UN Equity,Hilton Worldwide Holdings Inc,--,--,22.93
DVMT UN Equity,Dell Technologies Inc Class V,--,--,47.8
NETI UN Equity,Eneti Inc,--,--,3.46
UVSP UW Equity,Univest Financial Corp,--,--,23.36
HOV UN Equity,Hovnanian Enterprises Inc,--,--,1.69
ACLS UW Equity,Axcelis Technologies Inc,--,--,13.28
AROW UW Equity,Arrow Financial Corp,--,--,32.83
BSET UW Equity,Bassett Furniture Industries Inc,--,--,23.25
1523873D UN Equity,BBX Capital Corp /Old,--,--,20.63
MTOR UN Equity,Meritor Inc,--,--,11.13
OSG UN Equity,Overseas Shipholding Group Inc,--,--,10.57
SSNI UN Equity,Itron Networked Solutions Inc,--,--,14.18
COB UR Equity,CommunityOne Bancorp,--,--,13.84
BHLB UN Equity,Berkshire Hills Bancorp Inc,--,--,27.71
FFIC UW Equity,Flushing Financial Corp,--,--,23.72
CIX UA Equity,CompX International Inc,--,--,11.58
1811934D UN Equity,Media General Inc,--,--,18.43
PLAB UW Equity,Photronics Inc,--,--,10.31
ALTO UR Equity,Alto Ingredients Inc,--,--,6.91
SNDX UW Equity,Syndax Pharmaceuticals Inc,--,--,15.16
MIC UN Equity,Macquarie Infrastructure Corp,--,--,83.24
ALCO UW Equity,Alico Inc,--,--,26.86
ETM UN Equity,Entercom Communications Corp,--,--,12.94
OMN UN Equity,OMNOVA Solutions Inc,--,--,8.44
MDCA UW Equity,MDC Partners Inc,--,--,10.72
TESO UW Equity,Tesco Corp,--,--,8.16
VNCE UN Equity,Vince Holding Corp,--,--,5.64
BUSE UW Equity,First Busey Corp,--,--,22.6
CWCO UW Equity,Consolidated Water Co Ltd,--,--,11.62
NRE UN Equity,NorthStar Realty Europe Corp,--,--,10.95
MATX UN Equity,Matson Inc,--,--,39.88
IOSP UW Equity,Innospec Inc,--,--,60.81
ACBI UW Equity,Atlantic Capital Bancshares Inc,--,--,14.98
GSOL UW Equity,Global Sources Ltd,--,--,8.48
GLNG UW Equity,Golar LNG Ltd,--,--,21.2
HASI UN Equity,Hannon Armstrong Sustainable Infrastruct,--,--,23.37
GORO UA Equity,Gold Resource Corp,--,--,7.42
VA UW Equity,Virgin America Inc,--,--,53.51
INTEQ UN Equity,Intelsat SA,--,--,2.71
LUMO UQ Equity,Lumos Pharma Inc,--,--,15.02
AGNC UW Equity,AGNC Investment Corp,--,--,19.54
AOSL UW Equity,Alpha & Omega Semiconductor Ltd,--,--,21.72
MTGE UW Equity,MTGE Investment Corp,--,--,17.19
GCI UN Equity,Gannett Co Inc,--,--,15.5
CRCQQ UN Equity,California Resources Corp,--,--,12.5
CPS UN Equity,Cooper-Standard Holdings Inc,--,--,98.8
UIHC UR Equity,United Insurance Holdings Corp,--,--,16.98
HTLF UW Equity,Heartland Financial USA Inc,--,--,36.07
BSF UQ Equity,Bear State Financial Inc,--,--,9.19
OPCH UW Equity,Option Care Health Inc,--,--,2.89
HCI UN Equity,HCI Group Inc,--,--,30.36
WGRP UN Equity,Willbros Group Inc,--,--,1.88
FNLC UW Equity,First Bancorp Inc/The,--,--,23.97
BZH UN Equity,Beazer Homes USA Inc,--,--,11.66
ARAV UW Equity,Aravive Inc,--,--,12.25
GPK UN Equity,Graphic Packaging Holding Co,--,--,13.99
FDP UN Equity,Fresh Del Monte Produce Inc,--,--,59.9
PROV UW Equity,Provident Financial Holdings Inc,--,--,19.56
WLFC UQ Equity,Willis Lease Finance Corp,--,--,23.77
CSV UN Equity,Carriage Services Inc,--,--,23.65
RTEC UN Equity,Rudolph Technologies Inc,--,--,17.74
ALK UN Equity,Alaska Air Group Inc,--,--,65.86
FGL UN Equity,Fidelity & Guaranty Life,--,--,23.19
PAG UN Equity,Penske Automotive Group Inc,--,--,48.18
GLT UN Equity,Glatfelter Corp,--,--,21.68
CERS UQ Equity,Cerus Corp,--,--,6.21
VIRT UW Equity,Virtu Financial Inc,--,--,14.97
PLUS UW Equity,ePlus Inc,--,--,94.41
PRTY UN Equity,Party City Holdco Inc,--,--,17.12
OCN UN Equity,Ocwen Financial Corp,--,--,3.67
NUS UN Equity,Nu Skin Enterprises Inc,--,--,64.78
INBK UW Equity,First Internet Bancorp,--,--,23.09
HLIO UW Equity,Helios Technologies Inc,--,--,32.27
ASTE UW Equity,Astec Industries Inc,--,--,59.87
CVCY UR Equity,Central Valley Community Bancorp,--,--,15.86
ANIK UW Equity,Anika Therapeutics Inc,--,--,47.85
CENT UW Equity,Central Garden & Pet Co,--,--,26
SPPI UW Equity,Spectrum Pharmaceuticals Inc,--,--,4.67
PIRRQ UN Equity,Pier 1 Imports Inc,--,--,4.24
CNCE UQ Equity,Concert Pharmaceuticals Inc,--,--,10.11
FIBK UW Equity,First Interstate BancSystem Inc,--,--,31.51
BSRR UW Equity,Sierra Bancorp,--,--,18.76
LC UN Equity,LendingClub Corp,--,--,6.18
SFS UN Equity,Smart & Final Stores Inc,--,--,12.77
MDLY UN Equity,Medley Management Inc,--,--,8.41
CFG UN Equity,Citizens Financial Group Inc,--,--,24.71
LTS UA Equity,Ladenburg Thalmann Financial Services In,--,--,2.31
SSB UW Equity,South State Corp,--,--,75.04
MAR UW Equity,Marriott International Inc/MD,--,--,67.33
EMKR UQ Equity,EMCORE Corp,--,--,5.7
ORRF UR Equity,Orrstown Financial Services Inc,--,--,19.75
RMBS UW Equity,Rambus Inc,--,--,12.5
KPTI UW Equity,Karyopharm Therapeutics Inc,--,--,9.73
HOFT UW Equity,Hooker Furniture Corp,--,--,24.49
SHBI UW Equity,Shore Bancshares Inc,--,--,11.78
LBAI UW Equity,Lakeland Bancorp Inc,--,--,14.04
QADA UW Equity,QAD Inc,--,--,22.38
TPCO UQ Equity,Tribune Publishing Co,--,--,16.88
OSIR UQ Equity,Osiris Therapeutics Inc,--,--,4.96
FFWM UQ Equity,First Foundation Inc,--,--,24.67
SNC UW Equity,State National Cos Inc,--,--,11.12
CBMG UQ Equity,Cellular Biomedicine Group Inc,--,--,14.5
PDM UN Equity,Piedmont Office Realty Trust Inc,--,--,21.77
DGI UN Equity,DigitalGlobe Inc,--,--,27.5
PCBK UW Equity,Pacific Continental Corp,--,--,16.82
RNWK UW Equity,RealNetworks Inc,--,--,4.46
CWST UW Equity,Casella Waste Systems Inc,--,--,10.3
MBWM UW Equity,Mercantile Bank Corp,--,--,26.85
ALOG UW Equity,Analogic Corp,--,--,88.6
MBRG UR Equity,Middleburg Financial Corp,--,--,28.28
CHH UN Equity,Choice Hotels International Inc,--,--,45.08
TIVO UW Equity,TiVo Corp,--,--,19.48
CFFI UW Equity,C&F Financial Corp,--,--,43.08
ATSG UW Equity,Air Transport Services Group Inc,--,--,14.35
TWTR UN Equity,Twitter Inc,--,--,23.05
WRK UN Equity,Westrock Co,--,--,48.48
WCC UN Equity,WESCO International Inc,--,--,61.49
SAH UN Equity,Sonic Automotive Inc,--,--,18.8
CNXN UW Equity,PC Connection Inc,--,--,26.42
NUTR UW Equity,Nutraceutical International Corp,--,--,31.24
FLOW UN Equity,SPX FLOW Inc,--,--,30.92
NHC UA Equity,National HealthCare Corp,--,--,65.99
HFWA UW Equity,Heritage Financial Corp/WA,--,--,17.95
RLH UN Equity,Red Lion Hotels Corp,--,--,8.34
RMTI UQ Equity,Rockwell Medical Inc,--,--,6.7
OME UN Equity,Omega Protein Corp,--,--,23.37
AXDX UR Equity,Accelerate Diagnostics Inc,--,--,27.26
CRAI UW Equity,CRA International Inc,--,--,26.59
MCBC UW Equity,Macatawa Bank Corp,--,--,7.99
WFBI UR Equity,WashingtonFirst Bankshares Inc,--,--,24.61
OSPN UR Equity,OneSpan Inc,--,--,17.61
BNCN UR Equity,BNC Bancorp,--,--,24.32
PFBC UW Equity,Preferred Bank/Los Angeles CA,--,--,35.75
SP UW Equity,SP Plus Corp,--,--,25.57
IXYS UW Equity,IXYS Corp,--,--,12.05
ALLY UN Equity,Ally Financial Inc,--,--,19.47
STL UN Equity,Sterling Bancorp/DE,--,--,17.5
FNHC UQ Equity,FedNat Holding Co,--,--,18.69
AJX UN Equity,Great Ajax Corp,--,--,13.65
9995522D UW Equity,Office Depot Inc,--,--,--
GCBC UR Equity,Greene County Bancorp Inc,--,--,16.67
AMKR UW Equity,Amkor Technology Inc,--,--,9.72
SMMF UR Equity,Summit Financial Group Inc,--,--,19.16
EGBN UR Equity,Eagle Bancorp Inc,--,--,49.33
RESI UN Equity,Front Yard Residential Corp,--,--,10.9
PBF UN Equity,PBF Energy Inc,--,--,22.64
CFNL UW Equity,Cardinal Financial Corp,--,--,26.09
HTBK UW Equity,Heritage Commerce Corp,--,--,10.94
RBCAA UW Equity,Republic Bancorp Inc/KY,--,--,31.08
TWI UN Equity,Titan International Inc,--,--,10.12
CFX UN Equity,Colfax Corp,--,--,31.43
FSB UN Equity,Franklin Financial Network Inc,--,--,37.4
TVPT UN Equity,Travelport Worldwide Ltd,--,--,15.03
UCFC UW Equity,United Community Financial Corp/OH,--,--,7.11
HIFR UN Equity,InfraREIT Inc,--,--,18.14
ALX UN Equity,Alexander's Inc,--,--,419.6
PINC UW Equity,Premier Inc,--,--,32.34
PNK UW Equity,Pinnacle Entertainment Inc,--,--,12.34
COBZ UW Equity,CoBiz Financial Inc,--,--,13.31
BLD UN Equity,TopBuild Corp,--,--,33.2
ENR UN Equity,Energizer Holdings Inc,--,--,49.96
CC UN Equity,Chemours Co/The,--,--,16
PSIX UR Equity,Power Solutions International Inc,--,--,10.25
BW UN Equity,Babcock & Wilcox Enterprises Inc,--,--,16.5
BBW UN Equity,Build-A-Bear Workshop Inc,--,--,10.36
PVBC UR Equity,Provident Bancorp Inc,--,--,15.6
QUAD UN Equity,Quad/Graphics Inc,--,--,26.72
BRCD UW Equity,Brocade Communications Systems LLC,--,--,9.23
GDEN UQ Equity,Golden Entertainment Inc,--,--,12.47
CFFN UW Equity,Capitol Federal Financial Inc,--,--,14.07
SYUT UW Equity,Synutra International Inc,--,--,4.26
AGO UN Equity,Assured Guaranty Ltd,--,--,27.75
AGR UN Equity,Avangrid Inc,--,--,41.78
GEENQ UR Equity,Global Eagle Entertainment Inc,--,--,8.31
HCHC UA Equity,HC2 Holdings Inc,--,--,5.45
XPO UN Equity,XPO Logistics Inc,--,--,36.67
SRGA UW Equity,Surgalign Holdings Inc,--,--,3.13
KN UN Equity,Knowles Corp,--,--,14.05
ORC UN Equity,Orchid Island Capital Inc,--,--,10.42
OB UN Equity,OneBeacon Insurance Group Holdings Ltd,--,--,14.28
SALM UQ Equity,Salem Media Group Inc,--,--,5.88
LRMR UW Equity,Larimar Therapeutics Inc,--,--,3.31
ARDX UQ Equity,Ardelyx Inc,--,--,12.94
FISI UW Equity,Financial Institutions Inc,--,--,27.11
PMBC UW Equity,Pacific Mercantile Bancorp,--,--,7.37
SFST UQ Equity,Southern First Bancshares Inc,--,--,27.58
NRTSF UA Equity,Nobilis Health Corp,--,--,3.35
MSM UN Equity,MSC Industrial Direct Co Inc,--,--,73.41
IMMR UW Equity,Immersion Corp,--,--,8.16
ARC UN Equity,ARC Document Solutions Inc,--,--,3.74
MOFG UW Equity,MidWestOne Financial Group Inc,--,--,30.37
GT UW Equity,Goodyear Tire & Rubber Co/The,--,--,32.3
ATW UN Equity,Atwood Oceanics Inc,--,--,8.69
KTOS UW Equity,Kratos Defense & Security Solutions Inc,--,--,6.89
PLUG UR Equity,Plug Power Inc,--,--,1.71
CUBI UN Equity,Customers Bancorp Inc,--,--,25.16
FNSR UW Equity,Finisar Corp,--,--,29.8
PFSW UR Equity,PFSweb Inc,--,--,8.93
UNB UQ Equity,Union Bankshares Inc/Morrisville VT,--,--,34.06
AGEN UR Equity,Agenus Inc,--,--,7.18
WTI UN Equity,W&T Offshore Inc,--,--,1.76
ACOR UW Equity,Acorda Therapeutics Inc,--,--,20.88
LGIH UW Equity,LGI Homes Inc,--,--,36.84
DEA UN Equity,Easterly Government Properties Inc,--,--,19.08
FORM UW Equity,FormFactor Inc,--,--,10.85
HHC UN Equity,Howard Hughes Corp/The,--,--,114.5
H UN Equity,Hyatt Hotels Corp,--,--,49.22
USLM UW Equity,United States Lime & Minerals Inc,--,--,66
WD UN Equity,Walker & Dunlop Inc,--,--,25.26
KONAQ UQ Equity,Kona Grill Inc,--,--,12.57
WW UN Equity,WW International Inc,--,--,10.32
INFI UW Equity,Infinity Pharmaceuticals Inc,--,--,1.56
LBRDK UW Equity,Liberty Broadband Corp,--,--,71.48
GAIA UQ Equity,Gaia Inc,--,--,7.2
LBRDA UW Equity,Liberty Broadband Corp,--,--,70.16
AAOI UQ Equity,Applied Optoelectronics Inc,--,--,22.21
ENTG UW Equity,Entegris Inc,--,--,17.42
1832555D UQ Equity,Array BioPharma Inc,--,--,6.75
AFI UN Equity,Armstrong Flooring Inc,--,--,18.88
EFSC UW Equity,Enterprise Financial Services Corp,--,--,31.25
SWC UN Equity,Stillwater Mining Co,--,--,13.36
TPB UN Equity,Turning Point Brands Inc,--,--,12.02
EE UN Equity,El Paso Electric Co,--,--,46.77
MFSF UQ Equity,MutualFirst Financial Inc,--,--,27.73
SCNB UN Equity,Suffolk Bancorp,--,--,34.77
VEC UN Equity,Vectrus Inc,--,--,15.23
DLA UA Equity,Delta Apparel Inc,--,--,16.46
RIGL UW Equity,Rigel Pharmaceuticals Inc,--,--,3.67
LMNX UW Equity,Luminex Corp,--,--,22.72
EXEL UW Equity,Exelixis Inc,--,--,12.79
RUSHB UW Equity,Rush Enterprises Inc,--,--,24.31
9993333D UW Equity,Sonus Inc,--,--,--
LOCO UW Equity,El Pollo Loco Holdings Inc,--,--,12.59
FC UN Equity,Franklin Covey Co,--,--,17.81
QGEN UW Equity,QIAGEN NV,--,--,27.44
BEL UN Equity,Belmond Ltd,--,--,12.71
XXIA UW Equity,Ixia,--,--,12.5
NCBS UR Equity,Nicolet Bankshares Inc,--,--,38.35
RYI UN Equity,Ryerson Holding Corp,--,--,11.29
ICD UN Equity,Independence Contract Drilling Inc,--,--,5.25